dataset,model,variant,k,num_layers,hidden_dim,lr,num_params,mean_step_ms,std_step_ms,peak_mem_mb
tolokers,ResNet,BASE,1,1,512,3e-05,533505,4.643,0.083,281.6
tolokers,ResNet,ENS_k4,4,1,512,3e-05,2134020,17.38,0.292,306.1
tolokers,ResNet,TABM_k2,2,1,512,3e-05,536088,9.775,0.22,357.9
tolokers,ResNet,TABM_k4,4,1,512,3e-05,539184,19.183,0.488,357.9
tolokers,ResNet,TABM_k8,8,1,512,3e-05,545376,37.89,0.474,358.0
tolokers,ResNet,BASE,1,2,512,3e-05,1059841,7.413,0.063,391.5
tolokers,ResNet,ENS_k4,4,2,512,3e-05,4239364,29.252,0.262,440.0
tolokers,ResNet,TABM_k2,2,2,512,3e-05,1062424,15.836,0.337,469.7
tolokers,ResNet,TABM_k4,4,2,512,3e-05,1065520,32.785,0.651,469.8
tolokers,ResNet,TABM_k8,8,2,512,3e-05,1071712,64.656,1.076,469.9
tolokers,ResNet,BASE,1,3,512,3e-05,1586177,10.753,0.109,500.9
tolokers,ResNet,ENS_k4,4,3,512,3e-05,6344708,42.3,0.521,573.6
tolokers,ResNet,TABM_k2,2,3,512,3e-05,1588760,21.714,0.182,581.2
tolokers,ResNet,TABM_k4,4,3,512,3e-05,1591856,43.106,0.262,581.3
tolokers,ResNet,TABM_k8,8,3,512,3e-05,1598048,89.174,1.209,581.3
tolokers,ResNet,BASE,1,4,512,3e-05,2112513,13.744,0.12,610.4
tolokers,ResNet,ENS_k4,4,4,512,3e-05,8450052,53.334,0.362,707.1
tolokers,ResNet,TABM_k2,2,4,512,3e-05,2115096,27.725,0.214,692.7
tolokers,ResNet,TABM_k4,4,4,512,3e-05,2118192,55.117,0.265,692.7
tolokers,ResNet,TABM_k8,8,4,512,3e-05,2124384,109.732,0.433,692.8
tolokers,ResNet,BASE,1,5,512,3e-05,2638849,16.52,0.149,719.9
tolokers,ResNet,ENS_k4,4,5,512,3e-05,10555396,65.158,0.262,840.7
tolokers,ResNet,TABM_k2,2,5,512,3e-05,2641432,33.717,0.158,804.1
tolokers,ResNet,TABM_k4,4,5,512,3e-05,2644528,67.129,0.313,804.2
tolokers,ResNet,TABM_k8,8,5,512,3e-05,2650720,134.509,1.359,804.3
tolokers,GCN,BASE,1,1,512,3e-05,796161,31.065,0.283,4267.2
tolokers,GCN,ENS_k4,4,1,512,3e-05,3184644,123.213,0.832,4303.6
tolokers,GCN,TABM_k2,2,1,512,3e-05,798744,62.609,0.458,4293.7
tolokers,GCN,TABM_k4,4,1,512,3e-05,801840,124.771,0.618,4293.8
tolokers,GCN,TABM_k8,8,1,512,3e-05,808032,248.843,0.911,4293.9
tolokers,GCN,BASE,1,2,512,3e-05,1585153,60.08,0.399,4407.0
tolokers,GCN,ENS_k4,4,2,512,3e-05,6340612,239.853,0.829,4479.6
tolokers,GCN,TABM_k2,2,2,512,3e-05,1587736,121.107,0.593,4436.6
tolokers,GCN,TABM_k4,4,2,512,3e-05,1590832,241.737,0.852,4436.6
tolokers,GCN,TABM_k8,8,2,512,3e-05,1597024,483.885,1.969,4436.7
tolokers,GCN,BASE,1,3,512,3e-05,2374145,89.396,0.456,4546.8
tolokers,GCN,ENS_k4,4,3,512,3e-05,9496580,356.973,1.103,4655.5
tolokers,GCN,TABM_k2,2,3,512,3e-05,2376728,179.629,0.74,4579.4
tolokers,GCN,TABM_k4,4,3,512,3e-05,2379824,358.797,1.157,4579.4
tolokers,GCN,TABM_k8,8,3,512,3e-05,2386016,717.325,1.515,4579.5
tolokers,GCN,BASE,1,4,512,3e-05,3163137,118.672,0.566,4686.8
tolokers,GCN,ENS_k4,4,4,512,3e-05,12652548,474.189,1.324,4831.6
tolokers,GCN,TABM_k2,2,4,512,3e-05,3165720,238.74,0.846,4722.4
tolokers,GCN,TABM_k4,4,4,512,3e-05,3168816,475.624,1.001,4722.4
tolokers,GCN,TABM_k8,8,4,512,3e-05,3175008,951.526,1.986,4722.5
tolokers,GCN,BASE,1,5,512,3e-05,3952129,148.084,0.653,4826.8
tolokers,GCN,ENS_k4,4,5,512,3e-05,15808516,591.508,1.372,5007.7
tolokers,GCN,TABM_k2,2,5,512,3e-05,3954712,297.226,0.927,4865.3
tolokers,GCN,TABM_k4,4,5,512,3e-05,3957808,592.959,1.298,4865.4
tolokers,GCN,TABM_k8,8,5,512,3e-05,3964000,1186.737,2.481,4865.5
tolokers,SAGE,BASE,1,1,512,3e-05,1320449,27.865,0.264,2224.1
tolokers,SAGE,ENS_k4,4,1,512,3e-05,5281796,111.103,0.657,2285.3
tolokers,SAGE,TABM_k2,2,1,512,3e-05,1323032,56.592,0.402,2247.6
tolokers,SAGE,TABM_k4,4,1,512,3e-05,1326128,112.757,0.614,2247.6
tolokers,SAGE,TABM_k8,8,1,512,3e-05,1332320,225.617,1.021,2247.7
tolokers,SAGE,BASE,1,2,512,3e-05,2633729,54.214,0.353,2411.5
tolokers,SAGE,ENS_k4,4,2,512,3e-05,10534916,216.575,0.91,2534.1
tolokers,SAGE,TABM_k2,2,2,512,3e-05,2636312,109.282,0.54,2440.1
tolokers,SAGE,TABM_k4,4,2,512,3e-05,2639408,218.487,0.918,2440.2
tolokers,SAGE,TABM_k8,8,2,512,3e-05,2645600,436.247,1.237,2440.3
tolokers,SAGE,BASE,1,3,512,3e-05,3947009,80.588,0.435,2599.6
tolokers,SAGE,ENS_k4,4,3,512,3e-05,15788036,321.84,0.96,2780.8
tolokers,SAGE,TABM_k2,2,3,512,3e-05,3949592,162.255,0.653,2633.2
tolokers,SAGE,TABM_k4,4,3,512,3e-05,3952688,324.278,1.298,2633.2
tolokers,SAGE,TABM_k8,8,3,512,3e-05,3958880,648.237,2.028,2633.3
tolokers,SAGE,BASE,1,4,512,3e-05,5260289,106.932,0.499,2786.4
tolokers,SAGE,ENS_k4,4,4,512,3e-05,21041156,427.448,1.119,3029.6
tolokers,SAGE,TABM_k2,2,4,512,3e-05,5262872,214.685,0.723,2825.5
tolokers,SAGE,TABM_k4,4,4,512,3e-05,5265968,428.974,1.158,2825.5
tolokers,SAGE,TABM_k8,8,4,512,3e-05,5272160,858.546,2.375,2825.6
tolokers,SAGE,BASE,1,5,512,3e-05,6573569,133.422,0.525,2973.7
tolokers,SAGE,ENS_k4,4,5,512,3e-05,26294276,533.127,1.248,3276.8
tolokers,SAGE,TABM_k2,2,5,512,3e-05,6576152,268.256,0.956,3017.2
tolokers,SAGE,TABM_k4,4,5,512,3e-05,6579248,535.2,1.372,3017.3
tolokers,SAGE,TABM_k8,8,5,512,3e-05,6585440,1069.076,2.216,3017.4
tolokers,GAT,BASE,1,1,512,3e-05,797185,40.209,0.31,8534.1
tolokers,GAT,ENS_k4,4,1,512,3e-05,3188740,160.512,0.723,8570.6
tolokers,GAT,TABM_k2,2,1,512,3e-05,799768,81.033,0.513,8558.5
tolokers,GAT,TABM_k4,4,1,512,3e-05,802864,162.205,0.928,8558.6
tolokers,GAT,TABM_k8,8,1,512,3e-05,809056,322.838,0.872,8558.7
tolokers,GAT,BASE,1,2,512,3e-05,1587201,78.556,0.37,10879.3
tolokers,GAT,ENS_k4,4,2,512,3e-05,6348804,314.559,0.933,10952.0
tolokers,GAT,TABM_k2,2,2,512,3e-05,1589784,158.216,0.72,10906.8
tolokers,GAT,TABM_k4,4,2,512,3e-05,1592880,315.89,0.974,10906.9
tolokers,GAT,TABM_k8,8,2,512,3e-05,1599072,633.778,1.954,10907.0
tolokers,GAT,BASE,1,3,512,3e-05,2377217,117.301,0.509,13224.2
tolokers,GAT,ENS_k4,4,3,512,3e-05,9508868,467.887,1.009,13333.0
tolokers,GAT,TABM_k2,2,3,512,3e-05,2379800,235.57,0.817,13254.7
tolokers,GAT,TABM_k4,4,3,512,3e-05,2382896,471.046,1.347,13254.7
tolokers,GAT,TABM_k8,8,3,512,3e-05,2389088,939.717,1.593,13254.8
tolokers,GAT,BASE,1,4,512,3e-05,3167233,155.732,0.538,15569.0
tolokers,GAT,ENS_k4,4,4,512,3e-05,12668932,622.458,1.222,15714.0
tolokers,GAT,TABM_k2,2,4,512,3e-05,3169816,312.397,0.807,15602.6
tolokers,GAT,TABM_k4,4,4,512,3e-05,3172912,624.64,1.331,15602.6
tolokers,GAT,TABM_k8,8,4,512,3e-05,3179104,1250.881,2.607,15602.7
tolokers,GAT,BASE,1,5,512,3e-05,3957249,194.289,0.553,17914.8
tolokers,GAT,ENS_k4,4,5,512,3e-05,15828996,776.972,1.275,18096.0
tolokers,GAT,TABM_k2,2,5,512,3e-05,3959832,390.302,0.975,17951.4
tolokers,GAT,TABM_k4,4,5,512,3e-05,3962928,780.03,1.56,17951.4
tolokers,GAT,TABM_k8,8,5,512,3e-05,3969120,1557.644,2.645,17951.5
tolokers,GAT-sep,BASE,1,1,512,3e-05,1321985,90.35,0.374,12632.7
tolokers,GAT-sep,ENS_k4,4,1,512,3e-05,5287940,361.229,0.88,12693.5
tolokers,GAT-sep,TABM_k2,2,1,512,3e-05,1324568,181.616,0.542,12658.2
tolokers,GAT-sep,TABM_k4,4,1,512,3e-05,1327664,362.817,0.8,12658.3
tolokers,GAT-sep,TABM_k8,8,1,512,3e-05,1333856,725.645,1.521,12658.4
tolokers,GAT-sep,BASE,1,2,512,3e-05,2636801,179.533,0.533,19052.2
tolokers,GAT-sep,ENS_k4,4,2,512,3e-05,10547204,717.052,1.223,19174.2
tolokers,GAT-sep,TABM_k2,2,2,512,3e-05,2639384,359.856,0.868,19082.7
tolokers,GAT-sep,TABM_k4,4,2,512,3e-05,2642480,719.041,1.441,19082.7
tolokers,GAT-sep,TABM_k8,8,2,512,3e-05,2648672,1435.948,1.633,19082.8
tolokers,GAT-sep,BASE,1,3,512,3e-05,3951617,268.165,0.722,25471.6
tolokers,GAT-sep,ENS_k4,4,3,512,3e-05,15806468,1072.322,1.469,25653.8
tolokers,GAT-sep,TABM_k2,2,3,512,3e-05,3954200,537.684,1.105,25507.2
tolokers,GAT-sep,TABM_k4,4,3,512,3e-05,3957296,1075.072,1.707,25507.2
tolokers,GAT-sep,TABM_k8,8,3,512,3e-05,3963488,2148.951,2.751,25507.3
tolokers,GAT-sep,BASE,1,4,512,3e-05,5266433,357.365,0.874,31891.2
tolokers,GAT-sep,ENS_k4,4,4,512,3e-05,21065732,1428.524,1.78,32134.6
tolokers,GAT-sep,TABM_k2,2,4,512,3e-05,5269016,715.247,1.162,31932.0
tolokers,GAT-sep,TABM_k4,4,4,512,3e-05,5272112,1430.221,1.856,31932.1
tolokers,GAT-sep,TABM_k8,8,4,512,3e-05,5278304,2861.57,3.008,31932.2
tolokers,GAT-sep,BASE,1,5,512,3e-05,6581249,446.159,0.881,38311.2
tolokers,GAT-sep,ENS_k4,4,5,512,3e-05,26324996,1784.401,1.968,38615.2
tolokers,GAT-sep,TABM_k2,2,5,512,3e-05,6583832,892.876,1.354,38356.2
tolokers,GAT-sep,TABM_k4,4,5,512,3e-05,6586928,1786.602,1.948,38356.3
tolokers,GAT-sep,TABM_k8,8,5,512,3e-05,6593120,3571.921,2.927,38356.4
tolokers,GT,BASE,1,1,512,3e-05,1847809,84.015,0.395,12616.7
tolokers,GT,ENS_k4,4,1,512,3e-05,7391236,335.741,0.835,12701.3
tolokers,GT,TABM_k2,2,1,512,3e-05,1850392,168.826,0.524,12643.2
tolokers,GT,TABM_k4,4,1,512,3e-05,1853488,337.892,0.874,12643.2
tolokers,GT,TABM_k8,8,1,512,3e-05,1859680,674.856,1.393,12643.3
tolokers,GT,BASE,1,2,512,3e-05,3688449,166.6,0.564,19071.3
tolokers,GT,ENS_k4,4,2,512,3e-05,14753796,665.776,1.114,19240.2
tolokers,GT,TABM_k2,2,2,512,3e-05,3691032,334.007,0.913,19104.8
tolokers,GT,TABM_k4,4,2,512,3e-05,3694128,667.575,1.162,19104.9
tolokers,GT,TABM_k8,8,2,512,3e-05,3700320,1335.479,2.121,19105.0
tolokers,GT,BASE,1,3,512,3e-05,5529089,249.132,0.688,25525.6
tolokers,GT,ENS_k4,4,3,512,3e-05,22116356,996.147,1.46,25778.7
tolokers,GT,TABM_k2,2,3,512,3e-05,5531672,499.289,0.852,25566.1
tolokers,GT,TABM_k4,4,3,512,3e-05,5534768,998.072,1.683,25566.2
tolokers,GT,TABM_k8,8,3,512,3e-05,5540960,1996.304,2.44,25566.3
tolokers,GT,BASE,1,4,512,3e-05,7369729,331.908,0.839,31979.9
tolokers,GT,ENS_k4,4,4,512,3e-05,29478916,1326.425,1.994,32317.2
tolokers,GT,TABM_k2,2,4,512,3e-05,7372312,664.448,1.29,32027.4
tolokers,GT,TABM_k4,4,4,512,3e-05,7375408,1328.523,1.846,32027.5
tolokers,GT,TABM_k8,8,4,512,3e-05,7381600,2656.732,2.929,32027.5
tolokers,GT,BASE,1,5,512,3e-05,9210369,414.702,0.985,38434.1
tolokers,GT,ENS_k4,4,5,512,3e-05,36841476,1656.533,1.963,38855.7
tolokers,GT,TABM_k2,2,5,512,3e-05,9212952,829.212,1.216,38488.7
tolokers,GT,TABM_k4,4,5,512,3e-05,9216048,1658.245,2.109,38488.7
tolokers,GT,TABM_k8,8,5,512,3e-05,9222240,3315.639,3.181,38488.8
tolokers,GT-sep,BASE,1,1,512,3e-05,2109953,85.362,0.375,12620.8
tolokers,GT-sep,ENS_k4,4,1,512,3e-05,8439812,341.019,0.863,12717.6
tolokers,GT-sep,TABM_k2,2,1,512,3e-05,2112536,171.579,0.639,12647.3
tolokers,GT-sep,TABM_k4,4,1,512,3e-05,2115632,342.666,0.936,12647.3
tolokers,GT-sep,TABM_k8,8,1,512,3e-05,2121824,685.43,1.858,12647.4
tolokers,GT-sep,BASE,1,2,512,3e-05,4212737,169.264,0.573,19101.0
tolokers,GT-sep,ENS_k4,4,2,512,3e-05,16850948,676.14,1.253,19294.9
tolokers,GT-sep,TABM_k2,2,2,512,3e-05,4215320,339.17,0.943,19135.5
tolokers,GT-sep,TABM_k4,4,2,512,3e-05,4218416,678.308,1.466,19135.6
tolokers,GT-sep,TABM_k8,8,2,512,3e-05,4224608,1356.149,2.149,19135.7
tolokers,GT-sep,BASE,1,3,512,3e-05,6315521,253.125,0.665,25581.1
tolokers,GT-sep,ENS_k4,4,3,512,3e-05,25262084,1012.034,1.553,25872.4
tolokers,GT-sep,TABM_k2,2,3,512,3e-05,6318104,507.415,1.003,25623.8
tolokers,GT-sep,TABM_k4,4,3,512,3e-05,6321200,1013.494,1.705,25623.8
tolokers,GT-sep,TABM_k8,8,3,512,3e-05,6327392,2025.693,2.735,25623.9
tolokers,GT-sep,BASE,1,4,512,3e-05,8418305,337.063,0.833,32061.6
tolokers,GT-sep,ENS_k4,4,4,512,3e-05,33673220,1346.631,1.684,32450.0
tolokers,GT-sep,TABM_k2,2,4,512,3e-05,8420888,675.19,1.204,32112.2
tolokers,GT-sep,TABM_k4,4,4,512,3e-05,8423984,1349.843,1.746,32112.2
tolokers,GT-sep,TABM_k8,8,4,512,3e-05,8430176,2697.986,2.685,32112.3
tolokers,GT-sep,BASE,1,5,512,3e-05,10521089,420.809,0.915,38542.4
tolokers,GT-sep,ENS_k4,4,5,512,3e-05,42084356,1682.254,2.042,39028.2
tolokers,GT-sep,TABM_k2,2,5,512,3e-05,10523672,842.603,1.287,38600.4
tolokers,GT-sep,TABM_k4,4,5,512,3e-05,10526768,1684.171,2.214,38600.5
tolokers,GT-sep,TABM_k8,8,5,512,3e-05,10532960,3366.937,3.128,38600.6
tolokers,TAG,BASE,1,1,512,3e-05,1582593,84.406,0.534,4325.2
tolokers,TAG,ENS_k4,4,1,512,3e-05,6330372,337.215,1.098,4397.6
tolokers,TAG,TABM_k2,2,1,512,3e-05,1585176,169.583,0.66,4351.7
tolokers,TAG,TABM_k4,4,1,512,3e-05,1588272,339.294,1.382,4351.7
tolokers,TAG,TABM_k8,8,1,512,3e-05,1594464,679.57,2.085,4351.8
tolokers,TAG,BASE,1,2,512,3e-05,3158017,167.465,0.657,4542.9
tolokers,TAG,ENS_k4,4,2,512,3e-05,12632068,668.318,1.454,4687.5
tolokers,TAG,TABM_k2,2,2,512,3e-05,3160600,335.775,1.091,4575.4
tolokers,TAG,TABM_k4,4,2,512,3e-05,3163696,670.569,1.609,4575.4
tolokers,TAG,TABM_k8,8,2,512,3e-05,3169888,1341.286,2.621,4575.5
tolokers,TAG,BASE,1,3,512,3e-05,4733441,250.013,0.827,4760.6
tolokers,TAG,ENS_k4,4,3,512,3e-05,18933764,999.721,1.733,4977.3
tolokers,TAG,TABM_k2,2,3,512,3e-05,4736024,501.719,1.325,4799.1
tolokers,TAG,TABM_k4,4,3,512,3e-05,4739120,1001.784,1.89,4799.2
tolokers,TAG,TABM_k8,8,3,512,3e-05,4745312,2004.019,2.873,4799.3
tolokers,TAG,BASE,1,4,512,3e-05,6308865,333.041,0.963,4978.5
tolokers,TAG,ENS_k4,4,4,512,3e-05,25235460,1330.825,1.962,5267.3
tolokers,TAG,TABM_k2,2,4,512,3e-05,6311448,667.14,1.394,5023.0
tolokers,TAG,TABM_k4,4,4,512,3e-05,6314544,1332.904,2.196,5023.0
tolokers,TAG,TABM_k8,8,4,512,3e-05,6320736,2664.285,3.329,5023.1
tolokers,TAG,BASE,1,5,512,3e-05,7884289,415.838,1.041,5196.3
tolokers,TAG,ENS_k4,4,5,512,3e-05,31537156,1662.349,2.015,5557.2
tolokers,TAG,TABM_k2,2,5,512,3e-05,7886872,833.163,1.529,5246.8
tolokers,TAG,TABM_k4,4,5,512,3e-05,7889968,1663.879,2.423,5246.9
tolokers,TAG,TABM_k8,8,5,512,3e-05,7896160,3327.041,3.569,5247.0
