study,graph,seed,partial_arm,N,both_correct,partial_only_correct,ens_only_correct,neither_correct,partial_accuracy,ens_accuracy,delta_accuracy,partial_cell,ens_cell,partial_hard_sha256,ens_hard_sha256,test_reference_sha256
validation_tuning,cora,0,private_first,1000,674,51,62,213,0.725,0.736,-0.011,cora/private_first/lr0.003_wd0/seed0,cora/ens/lr0.0003_wd0.01/seed0,6b8f7e221b2e9267b141ee6057981f967ce4b6941afcb6dba42273c057f35168,7d2317e60e71b4fd151e10d73403e3d02238398e0c8eb3c36e2c2a834beb3aac,bb516d5567ea6fe5a470f827a5f06b5ede5b82b4bff5d00ab062854a3cb16210
validation_tuning,cora,1,private_first,1000,675,69,65,191,0.744,0.74,0.004,cora/private_first/lr0.003_wd0/seed1,cora/ens/lr0.0003_wd0.01/seed1,12cac363e88f84fb63283e5d640c9e9cef021e681ffe158c7665526241a5bc8f,5eead4da307de0a504308fb2b8a9c34e2c325d9ef8fa6dc30bcf8e1efa549cd7,bb516d5567ea6fe5a470f827a5f06b5ede5b82b4bff5d00ab062854a3cb16210
validation_tuning,cora,2,private_first,1000,677,64,55,204,0.741,0.732,0.009,cora/private_first/lr0.003_wd0/seed2,cora/ens/lr0.0003_wd0.01/seed2,fc831d4156d67dd8ffb90e80c7549331a55cbeaff3e354975937b108bfb240b1,8b1744d12813cbc5f913ab06f141b6eef2d55b03406dee1d91e24715595b8013,bb516d5567ea6fe5a470f827a5f06b5ede5b82b4bff5d00ab062854a3cb16210
validation_tuning,wikics,0,private_last,5847,4463,179,147,1058,0.7939114075594322,0.7884385154780229,0.00547289208140927,wikics/private_last/lr0.001_wd0/seed0,wikics/ens/lr0.003_wd0.01/seed0,796c445256c9cbf10c09ef752b3dfcff6a09ad1cf9b3b01d724293082b077919,8efad34423e932c0940e99448c4717f72e390ca9e420a64d938be6f7ffcc0c87,c99b79f77a85c34e31add27e4cc190f9fcf31daf693f8adf5c3eb5f57577ceae
validation_tuning,wikics,1,private_last,5847,4431,233,174,1009,0.7976740208654011,0.7875833760903027,0.01009064477509834,wikics/private_last/lr0.001_wd0/seed1,wikics/ens/lr0.003_wd0.01/seed1,7608b72f200427e001de68d4ced670f6405ae4fa797579a5a8e485330ca47baf,ffb36a333aa47b58179f7cc08bb59daedc4e68a9d00f1c2e3b21fb2a0207f96e,c99b79f77a85c34e31add27e4cc190f9fcf31daf693f8adf5c3eb5f57577ceae
validation_tuning,wikics,2,private_last,5847,4478,180,141,1048,0.7966478536001368,0.7899777663759193,0.006670087224217547,wikics/private_last/lr0.001_wd0/seed2,wikics/ens/lr0.003_wd0.01/seed2,6bdddbd6ecaeafa45d21de0497dfdfd268a2ddbaf4527a166d4fc908499ddf55,305734f41562d8a8377723d242a91d95ff2d82fa8af2d49429430be774837b8d,c99b79f77a85c34e31add27e4cc190f9fcf31daf693f8adf5c3eb5f57577ceae
validation_tuning,actor,0,private_first,1520,409,151,152,808,0.3684210526315789,0.36907894736842106,-0.0006578947368421052,actor/private_first/lr0.003_wd0.01/seed0,actor/ens/lr0.003_wd0.01/seed0,a14c218703a6fe2f049ad5f8f144ca10384fdfe5d5419f7b3d4dafb0bd7d30ca,94cab491f5c4fead50991436fe8c1b535200842d04aa890c7fb22d5c9f132eac,1ff33401699436acf50eee95817be530521b72bf95af53b5a054caf5df311058
validation_tuning,actor,1,private_first,1520,427,157,148,788,0.38421052631578945,0.3782894736842105,0.0059210526315789476,actor/private_first/lr0.003_wd0.01/seed1,actor/ens/lr0.003_wd0.01/seed1,b43cc02f30330c0010ad1878488add9c5427105c6134b4cfad42b3bebb06ca10,cce1f00ea284fef34d4054618110ef8c06708bfa1f2a94bf52e017c7d3dafc74,1ff33401699436acf50eee95817be530521b72bf95af53b5a054caf5df311058
validation_tuning,actor,2,private_first,1520,393,159,187,781,0.3631578947368421,0.3815789473684211,-0.018421052631578946,actor/private_first/lr0.003_wd0.01/seed2,actor/ens/lr0.003_wd0.01/seed2,0502e0d4d5d41f06129e3d8695673da5ded74b72c44bc0b1b2896181adf20659,be6d0d5fc6d1e03ebdcb3b536c5bd2920a8b74d806ef493edb6d2a12db80c359,1ff33401699436acf50eee95817be530521b72bf95af53b5a054caf5df311058
validation_tuning,chameleon_filtered,0,private_last,194,51,17,36,90,0.35051546391752575,0.4484536082474227,-0.0979381443298969,chameleon_filtered/private_last/lr0.003_wd0.01/seed0,chameleon_filtered/ens/lr0.001_wd0.01/seed0,87606f2366d38f7bfcf1ae58ac98d2adc31a1ecdbf462d00f671e1768d5db1c0,ba960316c0edbd6eed4a0e25ebd21bee7112fe95dac085b18efabc39bc0e0e9f,76a504ce33fd892c5051aecff720a7814987d62192c3459facb8e8a327226b10
validation_tuning,chameleon_filtered,1,private_last,194,59,20,20,95,0.4072164948453608,0.4072164948453608,0.0,chameleon_filtered/private_last/lr0.003_wd0.01/seed1,chameleon_filtered/ens/lr0.001_wd0.01/seed1,9a198635a3beecb260a85b1bb81535e83cc743237755975120fb3ad1d173fe2b,1df5dcbbc9c0640f451757b3b21ed7a18a04ab66326b4f265b58675533add69a,76a504ce33fd892c5051aecff720a7814987d62192c3459facb8e8a327226b10
validation_tuning,chameleon_filtered,2,private_last,194,58,21,20,95,0.4072164948453608,0.4020618556701031,0.005154639175257732,chameleon_filtered/private_last/lr0.003_wd0.01/seed2,chameleon_filtered/ens/lr0.001_wd0.01/seed2,c546aeca2d65bf86b12742c9e63e12acb94ace552f6f66074554d3a70daed1d3,ae08fc4c3cd6def48ca2b49871f279a86dc882be15d398e1d630c826837088bf,76a504ce33fd892c5051aecff720a7814987d62192c3459facb8e8a327226b10
planetoid_confirmation,citeseer,0,private_first,1000,549,71,87,293,0.62,0.636,-0.016,citeseer/private_first/lr0.003_wd0.01/seed0,citeseer/ens/lr0.0003_wd0.01/seed0,86a79da5b5ac338d5baf2119b221f3ef4b3536952f6a9c3dce1b71176d60317b,d10c6f84baf691ec593db547b6ed8f6f870fb6b0cdef0d5528ff9ad227df7a72,070ab0ef402d3136bb3b6c179f9c0821623feca257558feaf163e4f9d3dd9521
planetoid_confirmation,citeseer,1,private_first,1000,549,76,84,291,0.625,0.633,-0.008,citeseer/private_first/lr0.003_wd0.01/seed1,citeseer/ens/lr0.0003_wd0.01/seed1,f3c70109df4c245c65efe6b0bec4a2f3e1d30bcb0c99bdd7abca5d2c69adab61,3d2697f93a7d9ac5fb5a8cba5e3c01f8850964123aecdb739b7e023e85b1978b,070ab0ef402d3136bb3b6c179f9c0821623feca257558feaf163e4f9d3dd9521
planetoid_confirmation,citeseer,2,private_first,1000,541,64,95,300,0.605,0.636,-0.031,citeseer/private_first/lr0.003_wd0.01/seed2,citeseer/ens/lr0.0003_wd0.01/seed2,b6bc02fba4bfec7f3db3344e81242a572fec6257cde4ad0ea3ac886398084da6,af5415d996704ed15f6dfc84e4ca9c51696252afb8f5a4c7c99d44ddd8e355ef,070ab0ef402d3136bb3b6c179f9c0821623feca257558feaf163e4f9d3dd9521
planetoid_confirmation,pubmed,0,private_last,1000,698,51,57,194,0.749,0.755,-0.006,pubmed/private_last/lr0.001_wd0/seed0,pubmed/ens/lr0.0003_wd0.01/seed0,6a3765fa8b484ba15af088775550ab39542102a4dd6fad6d433fa24dde54c8ec,d7df60ce1c0c9dd582555c7e9a509b7fc59dd091cbb9d5d847ac5c9e1a091d8b,7eab2aa86c681514c3765dfc68a7583ee9cdb7e4717204ea4e6b111d812ed57c
planetoid_confirmation,pubmed,1,private_last,1000,699,55,59,187,0.754,0.758,-0.004,pubmed/private_last/lr0.001_wd0/seed1,pubmed/ens/lr0.0003_wd0.01/seed1,f5ebafa31ebf1a40bbb87759ac1aa9531550f29af96361a50934b03f65d64b61,42ea031ef7a7fd9df34a8b20d16fd22a200e3ee995d9d5aa30acd8ded27e9291,7eab2aa86c681514c3765dfc68a7583ee9cdb7e4717204ea4e6b111d812ed57c
planetoid_confirmation,pubmed,2,private_last,1000,693,53,69,185,0.746,0.762,-0.016,pubmed/private_last/lr0.001_wd0/seed2,pubmed/ens/lr0.0003_wd0.01/seed2,f2668b6442e63829193174a213e7d7d80cd17b912698514a174751adc353e76b,71a4c8b883877db77ae75da2c6bae3951b486032071594fe545cade1be5dc987,7eab2aa86c681514c3765dfc68a7583ee9cdb7e4717204ea4e6b111d812ed57c
cora_preprocessing,cora_raw,0,private_first,1000,674,51,62,213,0.725,0.736,-0.011,cora_raw/private_first/lr0.003_wd0/seed0,cora_raw/ens/lr0.0003_wd0.01/seed0,6b8f7e221b2e9267b141ee6057981f967ce4b6941afcb6dba42273c057f35168,7d2317e60e71b4fd151e10d73403e3d02238398e0c8eb3c36e2c2a834beb3aac,30047852bd2116650c977e2afc3da40f628c7ae34aefa109f1ec2dca9d90c872
cora_preprocessing,cora_raw,1,private_first,1000,673,65,67,195,0.738,0.74,-0.002,cora_raw/private_first/lr0.003_wd0/seed1,cora_raw/ens/lr0.0003_wd0.01/seed1,af7e089d5bd6f0fd8c72bcdf364c8b0cfb5a99b77be62d005e7f4ab4ec453ca9,5eead4da307de0a504308fb2b8a9c34e2c325d9ef8fa6dc30bcf8e1efa549cd7,30047852bd2116650c977e2afc3da40f628c7ae34aefa109f1ec2dca9d90c872
cora_preprocessing,cora_raw,2,private_first,1000,677,64,55,204,0.741,0.732,0.009,cora_raw/private_first/lr0.003_wd0/seed2,cora_raw/ens/lr0.0003_wd0.01/seed2,fc831d4156d67dd8ffb90e80c7549331a55cbeaff3e354975937b108bfb240b1,8b1744d12813cbc5f913ab06f141b6eef2d55b03406dee1d91e24715595b8013,30047852bd2116650c977e2afc3da40f628c7ae34aefa109f1ec2dca9d90c872
cora_preprocessing,cora_normalized,0,private_last,1000,675,84,59,182,0.759,0.734,0.025,cora_normalized/private_last/lr0.001_wd0/seed0,cora_normalized/ens/lr0.0003_wd0/seed0,cd7d026d71660d76ca0871812d91e976cd4a08860b5b278f59776ba5e8f0ee08,0928578e964a145f1794af933500c10fcf5ddc122e9744ebd8690ae081a3aeb9,30047852bd2116650c977e2afc3da40f628c7ae34aefa109f1ec2dca9d90c872
cora_preprocessing,cora_normalized,1,private_last,1000,667,81,75,177,0.748,0.742,0.006,cora_normalized/private_last/lr0.001_wd0/seed1,cora_normalized/ens/lr0.0003_wd0/seed1,65decc93fd2bbe8b14968e493ae1f01291b8657a460adbd9de56a20a32951f12,ab68adea373415b54e8fb49a6ff37373bb79a5ef488d613f71dcf798739aa537,30047852bd2116650c977e2afc3da40f628c7ae34aefa109f1ec2dca9d90c872
cora_preprocessing,cora_normalized,2,private_last,1000,635,115,73,177,0.75,0.708,0.042,cora_normalized/private_last/lr0.001_wd0/seed2,cora_normalized/ens/lr0.0003_wd0/seed2,f7447910e95afb577860fe6850396f17eb7b248990c86b22b289130e02c7fa39,03d66d1086a76d1c1b5e2e242ca20f6ad398e75f61e585c9f7da9a4638f137be,30047852bd2116650c977e2afc3da40f628c7ae34aefa109f1ec2dca9d90c872
