dataset,backbone,variant,metric_name,n_splits,mean_percent,population_sd_percent
roman-empire,GCN,BASE,acc,10,73.35862755775452,0.7321841043236826
roman-empire,GCN,ENS,acc,10,75.2453202009201,0.7290683318289338
roman-empire,GCN,GNNM,acc,10,77.73914337158203,0.5415180413183908
roman-empire,SAGE,BASE,acc,10,86.68372452259064,0.5514478254287116
roman-empire,SAGE,ENS,acc,10,87.46558129787445,0.4662049868084801
roman-empire,SAGE,GNNM,acc,10,90.04059076309204,0.4636074136321314
roman-empire,GAT,BASE,acc,10,82.78326690196991,0.8742031601778371
roman-empire,GAT,ENS,acc,10,83.89339745044708,0.3987455503153538
roman-empire,GAT,GNNM,acc,10,82.71090507507324,0.4801220745314868
roman-empire,GAT-sep,BASE,acc,10,89.22873079776764,0.577914388938494
roman-empire,GAT-sep,ENS,acc,10,90.1411908864975,0.41982673155664657
roman-empire,GAT-sep,GNNM,acc,10,91.1895489692688,0.32656094523549284
roman-empire,GT,BASE,acc,10,88.24920237064362,0.5331558820972132
roman-empire,GT,ENS,acc,10,89.00988101959229,0.43454540527422686
roman-empire,GT,GNNM,acc,10,90.2523809671402,0.30722130473459164
roman-empire,GT-sep,BASE,acc,10,87.4602872133255,0.47947491957883537
roman-empire,GT-sep,ENS,acc,10,88.20860922336578,0.3748480436218446
roman-empire,GT-sep,GNNM,acc,10,89.81291651725769,0.4416375648404244
roman-empire,ResNet,BASE,acc,10,65.87715983390808,0.336094580162567
roman-empire,ResNet,ENS,acc,10,66.16307497024536,0.48788232421637423
roman-empire,ResNet,GNNM,acc,10,66.01305782794952,0.4510753790007473
roman-empire,TAG,BASE,acc,10,87.42145895957947,0.5226079849776444
roman-empire,TAG,ENS,acc,10,88.33391845226288,0.598927589756732
roman-empire,TAG,GNNM,acc,10,89.6805477142334,0.274108503041369
amazon-ratings,GCN,BASE,acc,10,50.30377209186554,0.3917229451533018
amazon-ratings,GCN,ENS,acc,10,50.67613899707795,0.474381639819124
amazon-ratings,GCN,GNNM,acc,10,49.97713506221771,0.5742897790677612
amazon-ratings,SAGE,BASE,acc,10,53.7759256362915,0.6056916723955846
amazon-ratings,SAGE,ENS,acc,10,54.93058919906616,0.4383633215368713
amazon-ratings,SAGE,GNNM,acc,10,55.40911316871643,0.4522509705382112
amazon-ratings,GAT,BASE,acc,10,51.70994520187377,0.5123512110083882
amazon-ratings,GAT,ENS,acc,10,53.021395206451416,0.6181675856075349
amazon-ratings,GAT,GNNM,acc,10,52.89237201213837,0.44248206196477424
amazon-ratings,GAT-sep,BASE,acc,10,54.43083345890045,0.4679482258743283
amazon-ratings,GAT-sep,ENS,acc,10,55.58386266231536,0.5062987955820837
amazon-ratings,GAT-sep,GNNM,acc,10,55.76514661312103,0.43568230170917066
amazon-ratings,GT,BASE,acc,10,53.82165551185608,0.44284646754932827
amazon-ratings,GT,ENS,acc,10,55.10697364807129,0.3933772160932897
amazon-ratings,GT,GNNM,acc,10,55.52833497524261,0.43024473419840326
amazon-ratings,GT-sep,BASE,acc,10,53.75306129455566,0.29497413575703374
amazon-ratings,GT-sep,ENS,acc,10,54.896292090415955,0.4362206357236556
amazon-ratings,GT-sep,GNNM,acc,10,55.31928598880768,0.4614612195745925
amazon-ratings,ResNet,BASE,acc,10,48.210027515888214,0.44609892033998
amazon-ratings,ResNet,ENS,acc,10,49.516576528549194,0.6140200836638832
amazon-ratings,ResNet,GNNM,acc,10,49.44308280944824,0.44296460902339796
amazon-ratings,TAG,BASE,acc,10,52.25216269493102,0.19884754542152644
amazon-ratings,TAG,ENS,acc,10,53.72203111648559,0.41626715981505047
amazon-ratings,TAG,GNNM,acc,10,53.826555609703064,0.37497977555415596
minesweeper,GCN,BASE,roc_auc,10,89.64261,0.534329174666702
minesweeper,GCN,ENS,roc_auc,10,89.90301000000001,0.5450450998770627
minesweeper,GCN,GNNM,roc_auc,10,88.77121,0.620208312504761
minesweeper,SAGE,BASE,roc_auc,10,93.72421999999997,0.539842887884984
minesweeper,SAGE,ENS,roc_auc,10,93.87379999999999,0.4431264198848895
minesweeper,SAGE,GNNM,roc_auc,10,94.00938,0.4668572175729957
minesweeper,GAT,BASE,roc_auc,10,92.35507000000001,0.4939483820198212
minesweeper,GAT,ENS,roc_auc,10,92.76837,0.5826079900756581
minesweeper,GAT,GNNM,roc_auc,10,91.10595,0.7396592178158778
minesweeper,GAT-sep,BASE,roc_auc,10,93.39072000000002,0.47879470506679334
minesweeper,GAT-sep,ENS,roc_auc,10,93.70985,0.41370100132825843
minesweeper,GAT-sep,GNNM,roc_auc,10,93.70114,0.45937881361682376
minesweeper,GT,BASE,roc_auc,10,92.30418999999999,0.5208429004027993
minesweeper,GT,ENS,roc_auc,10,92.5909,0.5452875498303638
minesweeper,GT,GNNM,roc_auc,10,92.82912,0.4408293724333721
minesweeper,GT-sep,BASE,roc_auc,10,91.99578000000001,0.6014839412652687
minesweeper,GT-sep,ENS,roc_auc,10,92.48111,0.5012756256791286
minesweeper,GT-sep,GNNM,roc_auc,10,92.50468,0.2772753245422309
minesweeper,ResNet,BASE,roc_auc,10,50.68935999999999,1.1862923650601458
minesweeper,ResNet,ENS,roc_auc,10,50.953570000000006,1.0780720676745135
minesweeper,ResNet,GNNM,roc_auc,10,50.67441,1.17834396968797
minesweeper,TAG,BASE,roc_auc,10,94.00252,0.545148738969469
minesweeper,TAG,ENS,roc_auc,10,94.14,0.5414744426101719
minesweeper,TAG,GNNM,roc_auc,10,94.11121,0.4606631164962076
questions,GCN,BASE,roc_auc,10,76.32860781004321,0.9250055668015723
questions,GCN,ENS,roc_auc,10,76.73060823026074,1.080456306399915
questions,GCN,GNNM,roc_auc,10,77.50192330337168,1.0230420745962239
questions,SAGE,BASE,roc_auc,10,73.66323258117473,0.8562499362329757
questions,SAGE,ENS,roc_auc,10,74.39154577716003,0.9695141518835206
questions,SAGE,GNNM,roc_auc,10,77.01810167879218,1.1173039389899684
questions,GAT,BASE,roc_auc,10,77.16894015132449,0.6731255971662495
questions,GAT,ENS,roc_auc,10,77.99530834039467,0.9054076547147278
questions,GAT,GNNM,roc_auc,10,79.12589555977824,0.8854715926211951
questions,GAT-sep,BASE,roc_auc,10,77.57278537273528,0.6322827752680552
questions,GAT-sep,ENS,roc_auc,10,78.0445141985043,0.8449096664722988
questions,GAT-sep,GNNM,roc_auc,10,79.09944494342072,0.9234375532082842
questions,GT,BASE,roc_auc,10,77.78199714159715,0.750438055653028
questions,GT,ENS,roc_auc,10,78.17824035058149,0.8553547674868495
questions,GT,GNNM,roc_auc,10,78.65867714593786,0.937873693121832
questions,GT-sep,BASE,roc_auc,10,77.2659826971963,0.7231399749985745
questions,GT-sep,ENS,roc_auc,10,77.83177329494421,0.8518024439089613
questions,GT-sep,GNNM,roc_auc,10,78.62274046487143,0.7380939138994778
questions,ResNet,BASE,roc_auc,10,70.51983103560536,0.6655818459752535
questions,ResNet,ENS,roc_auc,10,70.82891950986935,0.7779105920301608
questions,ResNet,GNNM,roc_auc,10,71.52069340512435,0.8562482470400142
questions,TAG,BASE,roc_auc,10,78.32075874664346,1.1637646241991138
questions,TAG,ENS,roc_auc,10,78.61341025007562,1.1174311975287876
questions,TAG,GNNM,roc_auc,10,79.14728624895811,0.9275883404817834
tolokers,GCN,BASE,roc_auc,10,84.10278204804935,0.9859544836167325
tolokers,GCN,ENS,roc_auc,10,84.10616437427643,0.8106052430614544
tolokers,GCN,GNNM,roc_auc,10,83.31061955540372,0.6521770500089201
tolokers,SAGE,BASE,roc_auc,10,82.96581884830098,0.4088065103095442
tolokers,SAGE,ENS,roc_auc,10,83.0408739551391,0.4042101142992729
tolokers,SAGE,GNNM,roc_auc,10,83.4699074638925,0.4593104171516391
tolokers,GAT,BASE,roc_auc,10,84.01572273329917,0.5774593214831852
tolokers,GAT,ENS,roc_auc,10,84.5272470440231,0.5774814480309959
tolokers,GAT,GNNM,roc_auc,10,83.9702341735601,0.7469871909735797
tolokers,GAT-sep,BASE,roc_auc,10,84.03798237123438,0.532471898820541
tolokers,GAT-sep,ENS,roc_auc,10,84.35394857779622,0.5381177584051808
tolokers,GAT-sep,GNNM,roc_auc,10,84.83183941609799,0.6548777783120049
tolokers,GT,BASE,roc_auc,10,82.92170626496288,0.700453129833407
tolokers,GT,ENS,roc_auc,10,83.79961309983759,0.5889148745261538
tolokers,GT,GNNM,roc_auc,10,84.19321013260887,0.6309412650075423
tolokers,GT-sep,BASE,roc_auc,10,83.01538788978091,0.8131148147908683
tolokers,GT-sep,ENS,roc_auc,10,83.79498019407366,0.858032569377862
tolokers,GT-sep,GNNM,roc_auc,10,84.42119857711839,0.7949273984183245
tolokers,ResNet,BASE,roc_auc,10,72.91083401793243,1.1248111616917755
tolokers,ResNet,ENS,roc_auc,10,73.24850404930199,1.0244741735054324
tolokers,ResNet,GNNM,roc_auc,10,73.79906406491898,1.0392540575858296
tolokers,TAG,BASE,roc_auc,10,84.81466682392112,0.8053680572922893
tolokers,TAG,ENS,roc_auc,10,84.80600766208731,0.7129712224641067
tolokers,TAG,GNNM,roc_auc,10,85.04171987560632,0.7594333643205706
