dataset,backbone,comparison,metric_name,n_splits,mean_paired_delta_pp,split_wins,split_ties,split_losses
roman-empire,GCN,GNNM-ENS,acc,10,2.4938231706619263,10,0,0
roman-empire,SAGE,GNNM-ENS,acc,10,2.5750094652175903,10,0,0
roman-empire,GAT,GNNM-ENS,acc,10,-1.1824923753738403,0,0,10
roman-empire,GAT-sep,GNNM-ENS,acc,10,1.0483580827713013,10,0,0
roman-empire,GT,GNNM-ENS,acc,10,1.2424999475479126,10,0,0
roman-empire,GT-sep,GNNM-ENS,acc,10,1.6043072938919065,10,0,0
roman-empire,ResNet,GNNM-ENS,acc,10,-0.1500171422958374,4,0,6
roman-empire,TAG,GNNM-ENS,acc,10,1.34662926197052,10,0,0
roman-empire,GCN,GNNM-BASE,acc,10,4.380515813827515,10,0,0
roman-empire,SAGE,GNNM-BASE,acc,10,3.3568662405014034,10,0,0
roman-empire,GAT,GNNM-BASE,acc,10,-0.07236182689666748,5,0,5
roman-empire,GAT-sep,GNNM-BASE,acc,10,1.9608181715011597,10,0,0
roman-empire,GT,GNNM-BASE,acc,10,2.003178596496582,10,0,0
roman-empire,GT-sep,GNNM-BASE,acc,10,2.35262930393219,10,0,0
roman-empire,ResNet,GNNM-BASE,acc,10,0.13589799404144287,7,0,3
roman-empire,TAG,GNNM-BASE,acc,10,2.2590887546539307,10,0,0
roman-empire,GCN,ENS-BASE,acc,10,1.8866926431655884,10,0,0
roman-empire,SAGE,ENS-BASE,acc,10,0.7818567752838134,10,0,0
roman-empire,GAT,ENS-BASE,acc,10,1.1101305484771729,10,0,0
roman-empire,GAT-sep,ENS-BASE,acc,10,0.9124600887298584,10,0,0
roman-empire,GT,ENS-BASE,acc,10,0.7606786489486694,10,0,0
roman-empire,GT-sep,ENS-BASE,acc,10,0.7483220100402832,10,0,0
roman-empire,ResNet,ENS-BASE,acc,10,0.2859151363372803,9,0,1
roman-empire,TAG,ENS-BASE,acc,10,0.9124594926834105,10,0,0
amazon-ratings,GCN,GNNM-ENS,acc,10,-0.6990039348602295,2,0,8
amazon-ratings,SAGE,GNNM-ENS,acc,10,0.47852396965026855,9,0,1
amazon-ratings,GAT,GNNM-ENS,acc,10,-0.12902319431304932,4,0,6
amazon-ratings,GAT-sep,GNNM-ENS,acc,10,0.18128395080566406,6,0,4
amazon-ratings,GT,GNNM-ENS,acc,10,0.4213613271713257,8,0,2
amazon-ratings,GT-sep,GNNM-ENS,acc,10,0.4229938983917237,8,0,2
amazon-ratings,ResNet,GNNM-ENS,acc,10,-0.07349371910095215,4,0,6
amazon-ratings,TAG,GNNM-ENS,acc,10,0.10452449321746826,6,0,4
amazon-ratings,GCN,GNNM-BASE,acc,10,-0.32663702964782715,3,0,7
amazon-ratings,SAGE,GNNM-BASE,acc,10,1.633187532424927,10,0,0
amazon-ratings,GAT,GNNM-BASE,acc,10,1.1824268102645874,9,0,1
amazon-ratings,GAT-sep,GNNM-BASE,acc,10,1.334313154220581,10,0,0
amazon-ratings,GT,GNNM-BASE,acc,10,1.7066794633865356,10,0,0
amazon-ratings,GT-sep,GNNM-BASE,acc,10,1.5662246942520144,10,0,0
amazon-ratings,ResNet,GNNM-BASE,acc,10,1.233055293560028,10,0,0
amazon-ratings,TAG,GNNM-BASE,acc,10,1.5743929147720337,10,0,0
amazon-ratings,GCN,ENS-BASE,acc,10,0.37236690521240234,9,0,1
amazon-ratings,SAGE,ENS-BASE,acc,10,1.1546635627746582,9,0,1
amazon-ratings,GAT,ENS-BASE,acc,10,1.3114500045776367,9,0,1
amazon-ratings,GAT-sep,ENS-BASE,acc,10,1.153029203414917,10,0,0
amazon-ratings,GT,ENS-BASE,acc,10,1.28531813621521,10,0,0
amazon-ratings,GT-sep,ENS-BASE,acc,10,1.1432307958602905,10,0,0
amazon-ratings,ResNet,ENS-BASE,acc,10,1.3065490126609802,10,0,0
amazon-ratings,TAG,ENS-BASE,acc,10,1.4698684215545654,10,0,0
minesweeper,GCN,GNNM-ENS,roc_auc,10,-1.1318000000000017,0,0,10
minesweeper,SAGE,GNNM-ENS,roc_auc,10,0.1355799999999996,9,0,1
minesweeper,GAT,GNNM-ENS,roc_auc,10,-1.6624199999999998,0,0,10
minesweeper,GAT-sep,GNNM-ENS,roc_auc,10,-0.008710000000005103,4,0,6
minesweeper,GT,GNNM-ENS,roc_auc,10,0.23821999999999896,7,0,3
minesweeper,GT-sep,GNNM-ENS,roc_auc,10,0.023570000000000535,5,0,5
minesweeper,ResNet,GNNM-ENS,roc_auc,10,-0.2791599999999994,1,0,9
minesweeper,TAG,GNNM-ENS,roc_auc,10,-0.028789999999997432,5,0,5
minesweeper,GCN,GNNM-BASE,roc_auc,10,-0.8713999999999977,0,0,10
minesweeper,SAGE,GNNM-BASE,roc_auc,10,0.28515999999999875,10,0,0
minesweeper,GAT,GNNM-BASE,roc_auc,10,-1.249119999999998,0,0,10
minesweeper,GAT-sep,GNNM-BASE,roc_auc,10,0.31042000000000014,8,0,2
minesweeper,GT,GNNM-BASE,roc_auc,10,0.5249300000000023,8,0,2
minesweeper,GT-sep,GNNM-BASE,roc_auc,10,0.5089000000000043,9,0,1
minesweeper,ResNet,GNNM-BASE,roc_auc,10,-0.014949999999999686,4,1,5
minesweeper,TAG,GNNM-BASE,roc_auc,10,0.10869000000000238,5,0,5
minesweeper,GCN,ENS-BASE,roc_auc,10,0.26040000000000396,8,0,2
minesweeper,SAGE,ENS-BASE,roc_auc,10,0.14957999999999916,9,0,1
minesweeper,GAT,ENS-BASE,roc_auc,10,0.41330000000000205,9,0,1
minesweeper,GAT-sep,ENS-BASE,roc_auc,10,0.31913000000000524,10,0,0
minesweeper,GT,ENS-BASE,roc_auc,10,0.28671000000000335,9,0,1
minesweeper,GT-sep,ENS-BASE,roc_auc,10,0.48533000000000376,10,0,0
minesweeper,ResNet,ENS-BASE,roc_auc,10,0.2642099999999997,7,2,1
minesweeper,TAG,ENS-BASE,roc_auc,10,0.13747999999999982,9,0,1
questions,GCN,GNNM-ENS,roc_auc,10,0.7713150731109264,9,0,1
questions,SAGE,GNNM-ENS,roc_auc,10,2.6265559016321527,10,0,0
questions,GAT,GNNM-ENS,roc_auc,10,1.1305872193835742,9,0,1
questions,GAT-sep,GNNM-ENS,roc_auc,10,1.0549307449164047,9,0,1
questions,GT,GNNM-ENS,roc_auc,10,0.4804367953563593,8,0,2
questions,GT-sep,GNNM-ENS,roc_auc,10,0.7909671699272026,8,0,2
questions,ResNet,GNNM-ENS,roc_auc,10,0.6917738952550079,7,0,3
questions,TAG,GNNM-ENS,roc_auc,10,0.5338759988825004,9,0,1
questions,GCN,GNNM-BASE,roc_auc,10,1.1733154933284695,9,0,1
questions,SAGE,GNNM-BASE,roc_auc,10,3.354869097617461,10,0,0
questions,GAT,GNNM-BASE,roc_auc,10,1.9569554084537624,9,0,1
questions,GAT-sep,GNNM-BASE,roc_auc,10,1.526659570685438,10,0,0
questions,GT,GNNM-BASE,roc_auc,10,0.8766800043407065,9,0,1
questions,GT-sep,GNNM-BASE,roc_auc,10,1.3567577676751097,10,0,0
questions,ResNet,GNNM-BASE,roc_auc,10,1.0008623695189867,8,0,2
questions,TAG,GNNM-BASE,roc_auc,10,0.8265275023146579,10,0,0
questions,GCN,ENS-BASE,roc_auc,10,0.4020004202175432,9,0,1
questions,SAGE,ENS-BASE,roc_auc,10,0.7283131959853084,9,0,1
questions,GAT,ENS-BASE,roc_auc,10,0.8263681890701878,8,0,2
questions,GAT-sep,ENS-BASE,roc_auc,10,0.47172882576903324,9,0,1
questions,GT,ENS-BASE,roc_auc,10,0.39624320898434706,10,0,0
questions,GT-sep,ENS-BASE,roc_auc,10,0.5657905977479072,9,0,1
questions,ResNet,ENS-BASE,roc_auc,10,0.3090884742639788,7,0,3
questions,TAG,ENS-BASE,roc_auc,10,0.2926515034321575,9,0,1
tolokers,GCN,GNNM-ENS,roc_auc,10,-0.795544818872701,1,0,9
tolokers,SAGE,GNNM-ENS,roc_auc,10,0.4290335087533803,9,0,1
tolokers,GAT,GNNM-ENS,roc_auc,10,-0.5570128704630084,1,0,9
tolokers,GAT-sep,GNNM-ENS,roc_auc,10,0.4778908383017588,7,0,3
tolokers,GT,GNNM-ENS,roc_auc,10,0.39359703277128233,8,0,2
tolokers,GT-sep,GNNM-ENS,roc_auc,10,0.6262183830447188,9,0,1
tolokers,ResNet,GNNM-ENS,roc_auc,10,0.5505600156169921,9,0,1
tolokers,TAG,GNNM-ENS,roc_auc,10,0.23571221351900037,8,0,2
tolokers,GCN,GNNM-BASE,roc_auc,10,-0.7921624926456372,1,0,9
tolokers,SAGE,GNNM-BASE,roc_auc,10,0.5040886155915059,9,0,1
tolokers,GAT,GNNM-BASE,roc_auc,10,-0.04548855973906418,5,0,5
tolokers,GAT-sep,GNNM-BASE,roc_auc,10,0.7938570448636106,10,0,0
tolokers,GT,GNNM-BASE,roc_auc,10,1.2715038676459878,8,0,2
tolokers,GT-sep,GNNM-BASE,roc_auc,10,1.4058106873374865,10,0,0
tolokers,ResNet,GNNM-BASE,roc_auc,10,0.8882300469865424,9,0,1
tolokers,TAG,GNNM-BASE,roc_auc,10,0.22705305168519208,7,0,3
tolokers,GCN,ENS-BASE,roc_auc,10,0.0033823262270638033,4,0,6
tolokers,SAGE,ENS-BASE,roc_auc,10,0.07505510683812555,6,0,4
tolokers,GAT,ENS-BASE,roc_auc,10,0.5115243107239442,10,0,0
tolokers,GAT-sep,ENS-BASE,roc_auc,10,0.3159662065618518,9,0,1
tolokers,GT,ENS-BASE,roc_auc,10,0.8779068348747054,9,0,1
tolokers,GT-sep,ENS-BASE,roc_auc,10,0.7795923042927677,10,0,0
tolokers,ResNet,ENS-BASE,roc_auc,10,0.3376700313695502,6,0,4
tolokers,TAG,ENS-BASE,roc_auc,10,-0.008659161833808326,2,0,8
