dataset,model,variant,split,n_test,m,mean_member_acc,logit_ensemble_acc,mean_probability_acc,logit_vs_probability_decisions,ensemble_gain_vs_mean_member_pp,mean_member_ce_nats,pooled_ce_nats,mean_ce_gap_nats,mean_reverse_kl_nats,ce_kl_identity_max_abs_nats,double_fault,pool_member_rescue_pairs,pool_member_harm_pairs,pool_net_correct_pairs,pool_gain_from_pairs_pp,k0_ensemble_rescues,pool_correct_with_some_member_wrong_nodes,pool_wrong_with_some_member_correct_nodes,all_members_correct_ensemble_harms
roman-empire,SAGE,gnnm,0,5666,4,0.8832068478644547,0.892340275326509,0.8909283445111189,48,0.9133427462054255,0.8234793543815613,0.7427645325660706,0.08071490377187729,0.08071490377187729,2.861030225176364e-06,0.0931580185904224,446,239,207,0.913342746205436,1,321,170,0
roman-empire,SAGE,independent_projectors,0,5666,4,0.8566890222379103,0.8663960465937169,0.8660430638898694,69,0.9707024355806615,1.1019247770309448,0.9795538783073425,0.12237085402011871,0.12237085402011871,3.337863745400682e-06,0.11180727144369927,558,338,220,0.9707024355806565,0,399,252,0
roman-empire,SAGE,heads_only,0,5666,4,0.8435845393575715,0.8436286621955524,0.8436286621955524,1,0.004412283798094219,1.3001790046691895,1.2990423440933228,0.00113677850458771,0.0011367747792974114,2.622506144689396e-06,0.15454759383456879,26,25,1,0.004412283798093893,0,20,19,0
roman-empire,SAGE,input_only,0,5666,4,0.8859865866572538,0.8951641369572891,0.8942816801976703,31,0.9177550300035309,0.8616566061973572,0.7766526341438293,0.08500399440526962,0.08500399440526962,2.861023403966101e-06,0.08918696317213791,451,243,208,0.9177550300035299,1,334,182,0
roman-empire,SAGE,output_only,0,5666,4,0.8453053300388281,0.8452170843628662,0.8452170843628662,0,-0.008824567596188437,1.3182001113891602,1.318199634552002,3.7923533113826124e-07,3.7589106227642333e-07,3.8146970382513246e-06,0.15451817860924813,1,3,-2,-0.008824567596187787,0,1,3,0
roman-empire,SAGE,base,0,5666,1,0.8595128838686904,0.8595128838686904,0.8595128838686904,0,0.0,0.9851905703544617,0.9851905703544617,0.0,0.0,0.0,nan,0,0,0,0.0,0,0,0,0
roman-empire,SAGE,gnnm_m1,0,5666,1,0.8438051535474762,0.8438051535474762,0.8438051535474762,0,0.0,1.1834875345230103,1.1834875345230103,0.0,0.0,0.0,nan,0,0,0,0.0,0,0,0,0
roman-empire,SAGE,independent_projectors,1,5666,4,0.8646311330744794,0.876456053653371,0.8738086833745147,66,1.1824920578891618,1.0607115030288696,0.9372199177742004,0.12349160760641098,0.12349160760641098,2.861059329006821e-06,0.10421814331097777,575,307,268,1.1824920578891633,0,407,234,0
roman-empire,SAGE,heads_only,1,5666,4,0.8606600776561949,0.8600423579244617,0.8600423579244617,0,-0.06177197317331906,1.2352983951568604,1.234208345413208,0.0010900342604145408,0.001090035424567759,3.099439254583558e-06,0.13651606071302505,34,48,-14,-0.06177197317331451,0,27,31,0
roman-empire,SAGE,input_only,1,5666,4,0.8888986939639958,0.8976350158842217,0.8969290504765266,34,0.8736321920225887,0.7077611088752747,0.6318551301956177,0.07590595632791519,0.07590595632791519,2.3841566871851683e-06,0.0870396517237322,436,238,198,0.8736321920225909,0,324,176,0
roman-empire,SAGE,output_only,1,5666,4,0.855453582774444,0.855453582774444,0.855453582774444,0,0.0,1.1633284091949463,1.1633281707763672,3.2865659704839345e-07,3.2799309224174067e-07,3.814697265625e-06,0.14454641722555595,0,0,0,0.0,0,0,0,0
roman-empire,SAGE,base,1,5666,1,0.862689728203318,0.862689728203318,0.862689728203318,0,0.0,0.8958854675292969,0.8958854675292969,0.0,0.0,0.0,nan,0,0,0,0.0,0,0,0,0
roman-empire,SAGE,gnnm_m1,1,5666,1,0.8603953406283092,0.8603953406283092,0.8603953406283092,0,0.0,1.1452432870864868,1.1452432870864868,0.0,0.0,0.0,nan,0,0,0,0.0,0,0,0,0
roman-empire,SAGE,gnnm,1,5666,4,0.8918990469466996,0.8993999294034593,0.8993999294034593,41,0.7500882456759617,0.7300238013267517,0.6527745723724365,0.07724928855895996,0.07724929600954056,2.4437904357910156e-06,0.08333333333333333,428,258,170,0.7500882456759619,0,321,193,0
roman-empire,SAGE,independent_projectors,2,5666,4,0.8581891987292622,0.8679844687610307,0.8679844687610307,68,0.9795270031768499,1.0846211910247803,0.956292450428009,0.12832872569561005,0.12832872569561005,4.291534423828125e-06,0.11077773855747736,551,329,222,0.9795270031768444,2,401,243,0
roman-empire,SAGE,heads_only,2,5666,4,0.8452170843628662,0.8457465584186374,0.8457465584186374,1,0.05294740557711952,1.3088703155517578,1.3077785968780518,0.0010917512699961662,0.0010917476611211896,2.3841819256631425e-06,0.1524002823861631,40,28,12,0.05294740557712672,0,29,20,0
roman-empire,SAGE,input_only,2,5666,4,0.8825450052947406,0.8889869396399577,0.8895164136957289,37,0.6441934345217115,0.7652302980422974,0.6842034459114075,0.08102681487798691,0.0810268223285675,2.384185336268274e-06,0.0934815860689493,408,262,146,0.6441934345217084,1,300,197,0
roman-empire,SAGE,output_only,2,5666,4,0.846099541122485,0.846099541122485,0.846099541122485,0,0.0,1.2227628231048584,1.2227624654769897,2.122034743479162e-07,2.1544909145632118e-07,3.814697265625e-06,0.153900458877515,0,0,0,0.0,0,0,0,0
roman-empire,SAGE,base,2,5666,1,0.8656900811860219,0.8656900811860219,0.8656900811860219,0,0.0,0.9555464386940002,0.9555464386940002,0.0,0.0,0.0,nan,0,0,0,0.0,0,0,0,0
roman-empire,SAGE,gnnm_m1,2,5666,1,0.8531591951994353,0.8531591951994353,0.8531591951994353,0,0.0,1.2072503566741943,1.2072503566741943,0.0,0.0,0.0,nan,0,0,0,0.0,0,0,0,0
roman-empire,SAGE,gnnm,2,5666,4,0.8901341334274621,0.8971055418284504,0.8965760677726792,50,0.697140840098831,0.8326858282089233,0.7454433441162109,0.08724255859851837,0.08724257349967957,3.814697265625e-06,0.08609836451347218,426,268,158,0.6971408400988351,0,291,195,0
roman-empire,SAGE,independent_projectors,3,5666,4,0.8630868337451465,0.8718672785033533,0.8715142957995058,64,0.8780444758206829,1.0788416862487793,0.9490417242050171,0.1298000067472458,0.1298000067472458,3.337876478326507e-06,0.10498293916931405,555,356,199,0.8780444758206848,1,397,260,0
roman-empire,SAGE,heads_only,3,5666,4,0.8483498058595129,0.8494528768090364,0.8494528768090364,0,0.11030709495234436,1.2108635902404785,1.2098801136016846,0.000983499689027667,0.0009835005039349198,2.6225570763926953e-06,0.14942934462877985,43,18,25,0.11030709495234733,0,32,14,0
roman-empire,SAGE,input_only,3,5666,4,0.8897370278856336,0.8951641369572891,0.8939286974938228,46,0.5427109071655556,0.8168046474456787,0.7401221990585327,0.0766824260354042,0.07668241858482361,3.814697265625e-06,0.08774561713142721,382,259,123,0.5427109071655489,0,279,186,0
roman-empire,SAGE,output_only,3,5666,4,0.8550123543946346,0.8551006000705965,0.8551006000705965,0,0.008824567596188437,1.2440464496612549,1.2440463304519653,1.557757798309467e-07,1.6137052227804816e-07,2.3839618279453134e-06,0.14492881515472408,2,0,2,0.008824567596187787,0,1,0,0
roman-empire,SAGE,base,3,5666,1,0.8679844687610307,0.8679844687610307,0.8679844687610307,0,0.0,0.9822592735290527,0.9822592735290527,0.0,0.0,0.0,nan,0,0,0,0.0,0,0,0,0
roman-empire,SAGE,gnnm_m1,3,5666,1,0.8543946346629016,0.8543946346629016,0.8543946346629016,0,0.0,1.188497543334961,1.188497543334961,0.0,0.0,0.0,nan,0,0,0,0.0,0,0,0,0
roman-empire,SAGE,gnnm,3,5666,4,0.8891193081539005,0.8946346629015178,0.8939286974938228,38,0.5515354747617329,0.8081573247909546,0.7346545457839966,0.07350275665521622,0.07350274920463562,3.8146970382513246e-06,0.08836333686316038,376,251,125,0.5515354747617367,1,278,191,0
roman-empire,SAGE,independent_projectors,4,5666,4,0.8560271796681963,0.8665725379456407,0.8656900811860219,81,1.0545358277444405,1.093837857246399,0.9559459090232849,0.13789190351963043,0.13789190351963043,2.384185791015625e-06,0.1097187904459348,604,365,239,1.0545358277444405,0,436,270,0
roman-empire,SAGE,heads_only,4,5666,4,0.8501147193787505,0.8494528768090364,0.8494528768090364,0,-0.06618425697141328,1.3123643398284912,1.3113094568252563,0.0010549303842708468,0.0010549341095611453,2.861014309019083e-06,0.14742910930697728,26,41,-15,-0.0661842569714084,0,21,30,0
roman-empire,SAGE,input_only,4,5666,4,0.8835598305683021,0.8905753618072715,0.8895164136957289,42,0.7015531238969364,0.8181109428405762,0.7301115393638611,0.0879993885755539,0.0879993885755539,2.561137080192566e-06,0.09118719849394047,436,277,159,0.701553123896929,0,317,204,0
roman-empire,SAGE,output_only,4,5666,4,0.846099541122485,0.8459230497705612,0.8459230497705612,0,-0.017649135192376875,1.213146686553955,1.213146448135376,3.7313390066628926e-07,3.723305610492389e-07,3.814697265625e-06,0.15375338275091188,0,4,-4,-0.017649135192375574,0,0,3,0
roman-empire,SAGE,base,4,5666,1,0.8545711260148253,0.8545711260148253,0.8545711260148253,0,0.0,0.9602686762809753,0.9602686762809753,0.0,0.0,0.0,nan,0,0,0,0.0,0,0,0,0
roman-empire,SAGE,gnnm_m1,4,5666,1,0.8616307800917755,0.8616307800917755,0.8616307800917755,0,0.0,1.3053168058395386,1.3053168058395386,0.0,0.0,0.0,nan,0,0,0,0.0,0,0,0,0
roman-empire,SAGE,gnnm,4,5666,4,0.8857218496293682,0.891634309918814,0.8898693963995764,34,0.5912460289445809,0.8165119290351868,0.7312527894973755,0.0852590799331665,0.0852590799331665,3.0992086976766586e-06,0.08945170020002352,409,275,134,0.5912460289445817,0,307,205,0
roman-empire,SAGE,untied_backbone,0,5666,4,0.8505118249205789,0.8563360395340628,0.8582774444052241,75,0.5824214613483925,1.2476283311843872,1.1200459003448486,0.12758241593837738,0.12758241593837738,5.245208740234375e-06,0.11895517119661136,499,367,132,0.5824214613483939,0,362,268,0
roman-empire,SAGE,untied_backbone,1,5666,4,0.8616749029297565,0.8729262266148958,0.8731027179668196,60,1.125132368513937,1.125303030014038,0.9959676861763,0.12933529913425446,0.12933529913425446,3.814697265625e-06,0.10807153782797975,561,306,255,1.1251323685139427,0,402,221,0
roman-empire,SAGE,untied_backbone,2,5666,4,0.8585863042710907,0.8667490292975644,0.8655135898340981,71,0.8162725026473638,1.2090598344802856,1.0749622583389282,0.1340976059436798,0.1340976059436798,3.814689989667386e-06,0.11063066243087423,528,343,185,0.8162725026473703,1,377,260,0
roman-empire,SAGE,untied_backbone,3,5666,4,0.8605277091422521,0.8693963995764208,0.8704553476879633,76,0.8868690434168713,1.193122148513794,1.0538129806518555,0.13930906355381012,0.1393090784549713,4.291538061806932e-06,0.10904224026356042,529,328,201,0.8868690434168726,0,391,242,0
roman-empire,SAGE,untied_backbone,4,5666,4,0.8548358630427109,0.862689728203318,0.8632192022590893,57,0.7853865160607154,1.2098342180252075,1.0803768634796143,0.12945760786533356,0.12945760786533356,3.814697265625e-06,0.11516060713025061,515,337,178,0.7853865160607131,0,370,247,0
roman-empire,SAGE,freeze_output_factors,0,5666,4,0.8831627250264737,0.8925167666784327,0.8905753618072715,47,0.9354041651958966,0.8196197152137756,0.7391719818115234,0.0804477110505104,0.0804477110505104,2.860862878151238e-06,0.09321684904106364,446,234,212,0.9354041651959054,1,323,168,0
roman-empire,SAGE,freeze_output_factors,1,5666,4,0.8918549241087187,0.898870455347688,0.8992234380515355,43,0.7015531238969253,0.7325676083564758,0.655735194683075,0.07683231681585312,0.07683231681585312,2.8609647415578365e-06,0.0835098246852571,420,261,159,0.701553123896929,0,319,192,0
roman-empire,SAGE,freeze_output_factors,2,5666,4,0.8903547476173668,0.8972820331803741,0.8962230850688316,49,0.6927285563007368,0.8278474807739258,0.7409959435462952,0.08685167133808136,0.08685167133808136,3.814697265625e-06,0.08586304271090717,424,267,157,0.6927285563007413,0,292,194,0
roman-empire,SAGE,freeze_output_factors,3,5666,4,0.8890751853159196,0.8939286974938228,0.8937522061418991,36,0.48535121779031964,0.8038986325263977,0.730668842792511,0.07322970032691956,0.07322970032691956,3.3369287848472595e-06,0.08848099776444289,369,259,110,0.48535121779032825,1,273,194,0
roman-empire,SAGE,freeze_output_factors,4,5666,4,0.8857659724673491,0.891634309918814,0.8898693963995764,38,0.5868337451464867,0.8123998641967773,0.7275305986404419,0.08486924320459366,0.08486923575401306,3.814697265625e-06,0.08956936110130603,406,273,133,0.5868337451464878,0,305,204,0
roman-empire,SAGE,ens_pooled,0,5666,4,0.8623808683374514,0.8716907871514296,0.8708083303918108,55,0.9309918813978135,1.0842167139053345,0.9536283612251282,0.13058829307556152,0.13058829307556152,2.3953616619110107e-06,0.10915990116484292,508,297,211,0.9309918813978115,0,364,225,0
roman-empire,SAGE,ens_pooled,1,5666,4,0.8711613130956584,0.8792799152841511,0.8791034239322273,56,0.8118602188492696,0.9762616753578186,0.8577796220779419,0.1184820607304573,0.11848204582929611,2.622600959512056e-06,0.10318861042475586,457,273,184,0.8118602188492764,0,330,201,0
roman-empire,SAGE,ens_pooled,2,5666,4,0.8661313095658313,0.8738086833745147,0.8746911401341334,64,0.7677373808683385,1.0706822872161865,0.926413357257843,0.1442689299583435,0.1442689299583435,2.384185791015625e-06,0.10418872808565711,501,327,174,0.7677373808683374,0,374,244,0
roman-empire,SAGE,ens_pooled,3,5666,4,0.8675432403812213,0.876456053653371,0.8771620190610661,57,0.8912813272149656,1.0443997383117676,0.9045095443725586,0.13989022374153137,0.13989022374153137,1.9818544387817383e-06,0.10292387339687022,525,323,202,0.8912813272149664,0,373,233,0
roman-empire,SAGE,ens_pooled,4,5666,4,0.8671902576773738,0.8745146487822096,0.8734557006706671,47,0.7324391104835848,1.0425611734390259,0.9121623635292053,0.1303989440202713,0.1303989589214325,2.384185791015625e-06,0.1044828803388634,473,307,166,0.7324391104835863,0,353,230,0
