dataset,model,num_layers,hidden_dim,lr,split,best_step,train_metric_name,train_metric,train_acc,train_loss,train_roc_auc,train_f1_macro,train_f1_weighted,train_prec_macro,train_rec_macro,val_metric_name,val_metric,val_acc,val_loss,val_roc_auc,val_f1_macro,val_f1_weighted,val_prec_macro,val_rec_macro,test_metric_name,test_metric,test_acc,test_loss,test_roc_auc,test_f1_macro,test_f1_weighted,test_prec_macro,test_rec_macro
tolokers,ResNet,1,512,3e-05,0,270,roc_auc,0.7331988166876616,0.7788739800453186,0.4551735520362854,0.7331988166876616,,,,,roc_auc,0.7321478759933688,0.7791765928268433,0.4615255296230316,0.7321478759933688,,,,,roc_auc,0.7147045107624401,0.7823129296302795,0.4694591760635376,0.7147045107624401,,,,
tolokers,ResNet,2,512,3e-05,0,180,roc_auc,0.7334613378267184,0.7632250785827637,0.4721218943595886,0.7334613378267184,,,,,roc_auc,0.7329618511111202,0.7665872573852539,0.48062944412231445,0.7329618511111202,,,,,roc_auc,0.7151498390853214,0.7520408034324646,0.48899465799331665,0.7151498390853214,,,,
tolokers,ResNet,3,512,3e-05,0,200,roc_auc,0.7324334692066774,0.749447226524353,0.4745183289051056,0.7324334692066774,,,,,roc_auc,0.7326420994176582,0.7556992173194885,0.4826536178588867,0.7326420994176582,,,,,roc_auc,0.7144083030347397,0.7367346882820129,0.49145010113716125,0.7144083030347397,,,,
tolokers,ResNet,4,512,3e-05,0,160,roc_auc,0.7337703258857374,0.7543799877166748,0.47696956992149353,0.7337703258857374,,,,,roc_auc,0.732621054189426,0.7550187110900879,0.48555588722229004,0.732621054189426,,,,,roc_auc,0.7139067155782219,0.7387754917144775,0.493686318397522,0.7139067155782219,,,,
tolokers,ResNet,5,512,3e-05,0,220,roc_auc,0.7321904506070208,0.765776515007019,0.47218650579452515,0.7321904506070208,,,,,roc_auc,0.7316964219038736,0.7652262449264526,0.48035359382629395,0.7316964219038736,,,,,roc_auc,0.7144645621683761,0.7659863829612732,0.4883774220943451,0.7144645621683761,,,,
tolokers,ResNet,1,512,3e-05,1,4990,roc_auc,0.7358133440783847,0.7834665775299072,0.4481351375579834,0.7358133440783847,,,,,roc_auc,0.7520732944200275,0.7839400768280029,0.44571512937545776,0.7520732944200275,,,,,roc_auc,0.7333411960556246,0.7809523940086365,0.4504622220993042,0.7333411960556246,,,,
tolokers,ResNet,2,512,3e-05,1,900,roc_auc,0.7246041323676354,0.7821058034896851,0.4583284258842468,0.7246041323676354,,,,,roc_auc,0.7386539064695747,0.7815583348274231,0.4543100893497467,0.7386539064695747,,,,,roc_auc,0.721191256652812,0.7809523940086365,0.4597865641117096,0.721191256652812,,,,
tolokers,ResNet,3,512,3e-05,1,690,roc_auc,0.7245203562418641,0.7817656397819519,0.4614395499229431,0.7245203562418641,,,,,roc_auc,0.7401420077690837,0.7822388410568237,0.45766445994377136,0.7401420077690837,,,,,roc_auc,0.7199440662203893,0.7819728255271912,0.463588684797287,0.7199440662203893,,,,
tolokers,ResNet,4,512,3e-05,1,2330,roc_auc,0.7322674432408268,0.7826160788536072,0.4501599371433258,0.7322674432408268,,,,,roc_auc,0.7455526680597249,0.7832595705986023,0.4492216408252716,0.7455526680597249,,,,,roc_auc,0.7285496802041056,0.781632661819458,0.4550168514251709,0.7285496802041056,,,,
tolokers,ResNet,5,512,3e-05,1,4990,roc_auc,0.7622252092198509,0.7856778502464294,0.43729734420776367,0.7622252092198509,,,,,roc_auc,0.7623610166338768,0.7859815955162048,0.4504091143608093,0.7623610166338768,,,,,roc_auc,0.7372590007835609,0.7853741645812988,0.4597276747226715,0.7372590007835609,,,,
tolokers,ResNet,1,512,3e-05,2,1000,roc_auc,0.7251217128045873,0.7815955281257629,0.45568081736564636,0.7251217128045873,,,,,roc_auc,0.7257979875330783,0.7812180519104004,0.4611392319202423,0.7257979875330783,,,,,roc_auc,0.7392477272665654,0.7823129296302795,0.4463089108467102,0.7392477272665654,,,,
tolokers,ResNet,2,512,3e-05,2,440,roc_auc,0.723979372757632,0.7819356918334961,0.4611174464225769,0.723979372757632,,,,,roc_auc,0.724106222734549,0.7815583348274231,0.46682536602020264,0.724106222734549,,,,,roc_auc,0.7367811370580948,0.7829931974411011,0.45114684104919434,0.7367811370580948,,,,
tolokers,ResNet,3,512,3e-05,2,360,roc_auc,0.7235028324470701,0.7819356918334961,0.4667806923389435,0.7235028324470701,,,,,roc_auc,0.7241557808526441,0.7832595705986023,0.47236499190330505,0.7241557808526441,,,,,roc_auc,0.7361649978716424,0.7819728255271912,0.4571063816547394,0.7361649978716424,,,,
tolokers,ResNet,4,512,3e-05,2,290,roc_auc,0.7242578351028072,0.7817656397819519,0.4671153128147125,0.7242578351028072,,,,,roc_auc,0.7247172132316102,0.781898558139801,0.4731563925743103,0.7247172132316102,,,,,roc_auc,0.737215620246781,0.781632661819458,0.4569152593612671,0.737215620246781,,,,
tolokers,ResNet,5,512,3e-05,2,2510,roc_auc,0.7609889178091763,0.7853376865386963,0.4378785789012909,0.7609889178091763,,,,,roc_auc,0.7381399955737132,0.7791765928268433,0.4641807973384857,0.7381399955737132,,,,,roc_auc,0.7497275160033512,0.7819728255271912,0.44453099370002747,0.7497275160033512,,,,
tolokers,ResNet,1,512,3e-05,3,4990,roc_auc,0.7400801605245539,0.782275915145874,0.44760724902153015,0.7400801605245539,,,,,roc_auc,0.7330171796950208,0.7822388410568237,0.4540707767009735,0.7330171796950208,,,,,roc_auc,0.7376223127790927,0.7819728255271912,0.45686087012290955,0.7376223127790927,,,,
tolokers,ResNet,2,512,3e-05,3,710,roc_auc,0.7303083707612503,0.7815955281257629,0.46089696884155273,0.7303083707612503,,,,,roc_auc,0.7219602883332044,0.781898558139801,0.4668019413948059,0.7219602883332044,,,,,roc_auc,0.726440979424069,0.7809523940086365,0.4674530625343323,0.726440979424069,,,,
tolokers,ResNet,3,512,3e-05,3,4860,roc_auc,0.7670628565148997,0.7856778502464294,0.4321863055229187,0.7670628565148997,,,,,roc_auc,0.7425818964873476,0.7784960865974426,0.45839619636535645,0.7425818964873476,,,,,roc_auc,0.7406108250706968,0.7792516946792603,0.46151405572891235,0.7406108250706968,,,,
tolokers,ResNet,4,512,3e-05,3,340,roc_auc,0.7277681226075471,0.7744514346122742,0.4747828543186188,0.7277681226075471,,,,,roc_auc,0.7206208613879804,0.7805375456809998,0.4797751009464264,0.7206208613879804,,,,,roc_auc,0.7229285115866703,0.7778911590576172,0.4792824387550354,0.7229285115866703,,,,
tolokers,ResNet,5,512,3e-05,3,530,roc_auc,0.7293284953468636,0.782275915145874,0.4650142192840576,0.7293284953468636,,,,,roc_auc,0.7219901589797273,0.7825790643692017,0.47052454948425293,0.7219901589797273,,,,,roc_auc,0.7278067885117492,0.7799319624900818,0.47118470072746277,0.7278067885117492,,,,
tolokers,ResNet,1,512,3e-05,4,5000,roc_auc,0.7596778383995844,0.7843170762062073,0.43802300095558167,0.7596778383995844,,,,,roc_auc,0.7438707469969817,0.781898558139801,0.44894102215766907,0.7438707469969817,,,,,roc_auc,0.7418285302945267,0.7823129296302795,0.4601376950740814,0.7418285302945267,,,,
tolokers,ResNet,2,512,3e-05,4,260,roc_auc,0.7284978567557135,0.7746215462684631,0.46886134147644043,0.7284978567557135,,,,,roc_auc,0.7284242283529461,0.7710105180740356,0.4722360670566559,0.7284242283529461,,,,,roc_auc,0.7210980562808239,0.7806122303009033,0.4790019094944,0.7210980562808239,,,,
tolokers,ResNet,3,512,3e-05,4,210,roc_auc,0.7281110281263927,0.756761372089386,0.4800420105457306,0.7281110281263927,,,,,roc_auc,0.7284554567561293,0.7526369094848633,0.48337990045547485,0.7284554567561293,,,,,roc_auc,0.7202365459332103,0.7653061151504517,0.48946917057037354,0.7202365459332103,,,,
tolokers,ResNet,4,512,3e-05,4,240,roc_auc,0.7277074103544579,0.7582922577857971,0.47906503081321716,0.7277074103544579,,,,,roc_auc,0.7272979692033634,0.7543382048606873,0.48246365785598755,0.7272979692033634,,,,,roc_auc,0.7205612221381725,0.7670068144798279,0.48838040232658386,0.7205612221381725,,,,
tolokers,ResNet,5,512,3e-05,4,240,roc_auc,0.7272595302974494,0.7599931955337524,0.47890505194664,0.7272595302974494,,,,,roc_auc,0.7284894006726327,0.7560394406318665,0.48172706365585327,0.7284894006726327,,,,,roc_auc,0.7198725561167912,0.7693877816200256,0.48794466257095337,0.7198725561167912,,,,
tolokers,ResNet,1,512,3e-05,5,4980,roc_auc,0.7482184006289654,0.7853376865386963,0.4454370141029358,0.7482184006289654,,,,,roc_auc,0.7339540317905145,0.7788363099098206,0.45187169313430786,0.7339540317905145,,,,,roc_auc,0.7199464385934946,0.7812924981117249,0.45958203077316284,0.7199464385934946,,,,
tolokers,ResNet,2,512,3e-05,5,650,roc_auc,0.7351362667865988,0.781255304813385,0.4576863944530487,0.7351362667865988,,,,,roc_auc,0.7196487076193231,0.7737325429916382,0.46016326546669006,0.7196487076193231,,,,,roc_auc,0.7091467183979567,0.7792516946792603,0.4652350842952728,0.7091467183979567,,,,
tolokers,ResNet,3,512,3e-05,5,4980,roc_auc,0.7727178297981165,0.7909508347511292,0.42850616574287415,0.7727178297981165,,,,,roc_auc,0.7509864102135886,0.7825790643692017,0.4575507938861847,0.7509864102135886,,,,,roc_auc,0.7304499510613319,0.7806122303009033,0.46823298931121826,0.7304499510613319,,,,
tolokers,ResNet,4,512,3e-05,5,5000,roc_auc,0.7738918826700096,0.7921415567398071,0.4275541603565216,0.7738918826700096,,,,,roc_auc,0.7520916241349395,0.7815583348274231,0.4526345431804657,0.7520916241349395,,,,,roc_auc,0.7315378535852659,0.781632661819458,0.46360984444618225,0.7315378535852659,,,,
tolokers,ResNet,5,512,3e-05,5,4410,roc_auc,0.7743289091398735,0.7926518321037292,0.4269197881221771,0.7743289091398735,,,,,roc_auc,0.7514222501014923,0.7825790643692017,0.457185298204422,0.7514222501014923,,,,,roc_auc,0.7294183076710345,0.7802721261978149,0.47067323327064514,0.7294183076710345,,,,
tolokers,ResNet,1,512,3e-05,6,5000,roc_auc,0.7541352167020426,0.7863582372665405,0.4434279799461365,0.7541352167020426,,,,,roc_auc,0.7389101830391753,0.781898558139801,0.4473244249820709,0.7389101830391753,,,,,roc_auc,0.7445787885442847,0.7843537330627441,0.4479594826698303,0.7445787885442847,,,,
tolokers,ResNet,2,512,3e-05,6,4860,roc_auc,0.7697053658099795,0.7872087359428406,0.4325816035270691,0.7697053658099795,,,,,roc_auc,0.7504667288519217,0.7825790643692017,0.4460175931453705,0.7504667288519217,,,,,roc_auc,0.7465695484899506,0.7799319624900818,0.45242181420326233,0.7465695484899506,,,,
tolokers,ResNet,3,512,3e-05,6,4520,roc_auc,0.7728174623363568,0.7882292866706848,0.42946359515190125,0.7728174623363568,,,,,roc_auc,0.7493873123071138,0.7791765928268433,0.45432350039482117,0.7493873123071138,,,,,roc_auc,0.744700118483091,0.7755101919174194,0.4601462781429291,0.744700118483091,,,,
tolokers,ResNet,4,512,3e-05,6,4010,roc_auc,0.7711902722011821,0.7872087359428406,0.4309922158718109,0.7711902722011821,,,,,roc_auc,0.7493173878391167,0.7774752974510193,0.45229098200798035,0.7493173878391167,,,,,roc_auc,0.7429235499377761,0.7744898200035095,0.45848774909973145,0.7429235499377761,,,,
tolokers,ResNet,5,512,3e-05,6,3970,roc_auc,0.7673648914946543,0.7838068008422852,0.43472588062286377,0.7673648914946543,,,,,roc_auc,0.7501476560367898,0.7795168161392212,0.45008423924446106,0.7501476560367898,,,,,roc_auc,0.7472975281227886,0.7748299241065979,0.4554077982902527,0.7472975281227886,,,,
tolokers,ResNet,1,512,3e-05,7,4380,roc_auc,0.7583347917841059,0.7838068008422852,0.43934300541877747,0.7583347917841059,,,,,roc_auc,0.7629064953720864,0.7839400768280029,0.44244590401649475,0.7629064953720864,,,,,roc_auc,0.7250195890236397,0.7795918583869934,0.4609844386577606,0.7250195890236397,,,,
tolokers,ResNet,2,512,3e-05,7,1420,roc_auc,0.7378957913180799,0.7831264138221741,0.44821494817733765,0.7378957913180799,,,,,roc_auc,0.7487539188251604,0.7842803597450256,0.44846072793006897,0.7487539188251604,,,,,roc_auc,0.7058962283334554,0.7785714268684387,0.4688125252723694,0.7058962283334554,,,,
tolokers,ResNet,3,512,3e-05,7,410,roc_auc,0.732295170764235,0.7831264138221741,0.4542444348335266,0.732295170764235,,,,,roc_auc,0.7464260450313575,0.7856413722038269,0.4529467225074768,0.7464260450313575,,,,,roc_auc,0.703670942360823,0.7789115905761719,0.47310537099838257,0.703670942360823,,,,
tolokers,ResNet,4,512,3e-05,7,360,roc_auc,0.7316982234712892,0.7829563021659851,0.4576702117919922,0.7316982234712892,,,,,roc_auc,0.7460886425013136,0.7856413722038269,0.4563468396663666,0.7460886425013136,,,,,roc_auc,0.7035224995865292,0.7778911590576172,0.4770640730857849,0.7035224995865292,,,,
tolokers,ResNet,5,512,3e-05,7,390,roc_auc,0.7321043850527111,0.7827861905097961,0.4566628336906433,0.7321043850527111,,,,,roc_auc,0.7457804317394627,0.7859815955162048,0.4560515880584717,0.7457804317394627,,,,,roc_auc,0.7030060000704934,0.7792516946792603,0.4760516285896301,0.7030060000704934,,,,
tolokers,ResNet,1,512,3e-05,8,4890,roc_auc,0.7536000839796304,0.7821058034896851,0.44183412194252014,0.7536000839796304,,,,,roc_auc,0.7388697897785363,0.7825790643692017,0.44812893867492676,0.7388697897785363,,,,,roc_auc,0.728355145609483,0.7812924981117249,0.45551350712776184,0.728355145609483,,,,
tolokers,ResNet,2,512,3e-05,8,2100,roc_auc,0.7449378191209002,0.7831264138221741,0.4470106065273285,0.7449378191209002,,,,,roc_auc,0.7357014646121093,0.7866621017456055,0.44905585050582886,0.7357014646121093,,,,,roc_auc,0.7165874971870433,0.7826530933380127,0.459381103515625,0.7165874971870433,,,,
tolokers,ResNet,3,512,3e-05,8,4970,roc_auc,0.7725384064356345,0.7890797853469849,0.4294885993003845,0.7725384064356345,,,,,roc_auc,0.7499545151518855,0.7853010892868042,0.4501727819442749,0.7499545151518855,,,,,roc_auc,0.7266328027351429,0.7748299241065979,0.46634259819984436,0.7266328027351429,,,,
tolokers,ResNet,4,512,3e-05,8,4470,roc_auc,0.7785913163162654,0.7894200086593628,0.42679843306541443,0.7785913163162654,,,,,roc_auc,0.7529266444809228,0.7832595705986023,0.45323827862739563,0.7529266444809228,,,,,roc_auc,0.7285856047111264,0.7731292843818665,0.46944671869277954,0.7285856047111264,,,,
tolokers,ResNet,5,512,3e-05,8,4280,roc_auc,0.7744762805028195,0.7883993983268738,0.42957109212875366,0.7744762805028195,,,,,roc_auc,0.7501914436890791,0.7839400768280029,0.4520323872566223,0.7501914436890791,,,,,roc_auc,0.7290160209744896,0.773809552192688,0.46548548340797424,0.7290160209744896,,,,
tolokers,ResNet,1,512,3e-05,9,5000,roc_auc,0.7504300733905995,0.7827861905097961,0.44235914945602417,0.7504300733905995,,,,,roc_auc,0.7254928317237128,0.7829193472862244,0.4562166631221771,0.7254928317237128,,,,,roc_auc,0.7384939904400143,0.7823129296302795,0.4477793276309967,0.7384939904400143,,,,
tolokers,ResNet,2,512,3e-05,9,5000,roc_auc,0.7640555649393861,0.7885695099830627,0.435549795627594,0.7640555649393861,,,,,roc_auc,0.7390602151501202,0.7829193472862244,0.4546512961387634,0.7390602151501202,,,,,roc_auc,0.7442025979518964,0.7812924981117249,0.448203980922699,0.7442025979518964,,,,
tolokers,ResNet,3,512,3e-05,9,4990,roc_auc,0.7658501377388043,0.7887396216392517,0.4337214231491089,0.7658501377388043,,,,,roc_auc,0.7395530808177496,0.781898558139801,0.4546317458152771,0.7395530808177496,,,,,roc_auc,0.7439124906121808,0.7823129296302795,0.45039403438568115,0.7439124906121808,,,,
tolokers,ResNet,4,512,3e-05,9,4880,roc_auc,0.7748355511960314,0.7902704477310181,0.4274595081806183,0.7748355511960314,,,,,roc_auc,0.7438680314836614,0.7808778285980225,0.4606902003288269,0.7438680314836614,,,,,roc_auc,0.7448207706010103,0.7812924981117249,0.4567250907421112,0.7448207706010103,,,,
tolokers,ResNet,5,512,3e-05,9,4990,roc_auc,0.7716164450839016,0.7892498970031738,0.4303484559059143,0.7716164450839016,,,,,roc_auc,0.7425523652799897,0.7812180519104004,0.4565120041370392,0.7425523652799897,,,,,roc_auc,0.7443198609653797,0.7812924981117249,0.45482027530670166,0.7443198609653797,,,,
tolokers,GCN,1,512,3e-05,0,4930,roc_auc,0.8432077234126119,0.8134036660194397,0.37748458981513977,0.8432077234126119,,,,,roc_auc,0.8139954841013484,0.8012929558753967,0.40464434027671814,0.8139954841013484,,,,,roc_auc,0.8003651421119272,0.7986394762992859,0.4143686890602112,0.8003651421119272,,,,
tolokers,GCN,2,512,3e-05,0,2900,roc_auc,0.8633818285173931,0.8304133415222168,0.36090800166130066,0.8633818285173931,,,,,roc_auc,0.8348031049179303,0.8155835270881653,0.3951147198677063,0.8348031049179303,,,,,roc_auc,0.8323494763155825,0.8115646243095398,0.39693206548690796,0.8323494763155825,,,,
tolokers,GCN,3,512,3e-05,0,2060,roc_auc,0.8458461626125127,0.8193570375442505,0.3746815621852875,0.8458461626125127,,,,,roc_auc,0.8308493175236148,0.814222514629364,0.39218011498451233,0.8308493175236148,,,,,roc_auc,0.8244108380848577,0.8142857551574707,0.39875471591949463,0.8244108380848577,,,,
tolokers,GCN,4,512,3e-05,0,1400,roc_auc,0.8412344055999083,0.8212281465530396,0.3825284242630005,0.8412344055999083,,,,,roc_auc,0.8287617666586559,0.8149030208587646,0.3942297101020813,0.8287617666586559,,,,,roc_auc,0.8209851313210188,0.8139455914497375,0.40060579776763916,0.8209851313210188,,,,
tolokers,GCN,5,512,3e-05,0,1190,roc_auc,0.8392024105817049,0.8183364868164062,0.3827401399612427,0.8392024105817049,,,,,roc_auc,0.827385001405278,0.8149030208587646,0.39380910992622375,0.827385001405278,,,,,roc_auc,0.8189787814949476,0.8166666626930237,0.40091466903686523,0.8189787814949476,,,,
tolokers,GCN,1,512,3e-05,1,4990,roc_auc,0.8243986264785468,0.8062595725059509,0.3931814730167389,0.8243986264785468,,,,,roc_auc,0.8112894750776976,0.8016331791877747,0.4082649052143097,0.8112894750776976,,,,,roc_auc,0.8098122707270848,0.8051020503044128,0.40628674626350403,0.8098122707270848,,,,
tolokers,GCN,2,512,3e-05,1,3180,roc_auc,0.8500002035047589,0.8259908556938171,0.37371593713760376,0.8500002035047589,,,,,roc_auc,0.8358492564245651,0.8132017254829407,0.39697057008743286,0.8358492564245651,,,,,roc_auc,0.8348997774036205,0.8180271983146667,0.3893554210662842,0.8348997774036205,,,,
tolokers,GCN,3,512,3e-05,1,3270,roc_auc,0.846923041962003,0.823439359664917,0.37647539377212524,0.846923041962003,,,,,roc_auc,0.829681646795898,0.8115004897117615,0.4013533890247345,0.829681646795898,,,,,roc_auc,0.8335881939869153,0.8183673620223999,0.3911173641681671,0.8335881939869153,,,,
tolokers,GCN,4,512,3e-05,1,2220,roc_auc,0.8483624989570381,0.8237795829772949,0.374859482049942,0.8483624989570381,,,,,roc_auc,0.8313034871264304,0.8149030208587646,0.3961620628833771,0.8313034871264304,,,,,roc_auc,0.8331035520525772,0.8122448921203613,0.38947737216949463,0.8331035520525772,,,,
tolokers,GCN,5,512,3e-05,1,1900,roc_auc,0.8440934778759803,0.8200374245643616,0.38010644912719727,0.8440934778759803,,,,,roc_auc,0.827363956177046,0.8186457753181458,0.39939266443252563,0.827363956177046,,,,,roc_auc,0.8298452670478731,0.8183673620223999,0.39282774925231934,0.8298452670478731,,,,
tolokers,GCN,1,512,3e-05,2,5000,roc_auc,0.8317063975791074,0.806939959526062,0.3868846595287323,0.8317063975791074,,,,,roc_auc,0.803508171658459,0.8002721667289734,0.40981408953666687,0.803508171658459,,,,,roc_auc,0.819623050248218,0.8085033893585205,0.39576682448387146,0.819623050248218,,,,
tolokers,GCN,2,512,3e-05,2,2310,roc_auc,0.8457906227720469,0.823439359664917,0.37894678115844727,0.8457906227720469,,,,,roc_auc,0.823736030381163,0.8145627379417419,0.40249142050743103,0.823736030381163,,,,,roc_auc,0.8353071477568197,0.8214285969734192,0.3894971013069153,0.8353071477568197,,,,
tolokers,GCN,3,512,3e-05,2,1650,roc_auc,0.8492047542781789,0.8178261518478394,0.3784257471561432,0.8492047542781789,,,,,roc_auc,0.8288473053282446,0.8118407130241394,0.4030512273311615,0.8288473053282446,,,,,roc_auc,0.8380455441410518,0.8248299360275269,0.39107558131217957,0.8380455441410518,,,,
tolokers,GCN,4,512,3e-05,2,1090,roc_auc,0.8417936197187972,0.8166354894638062,0.383551687002182,0.8417936197187972,,,,,roc_auc,0.8205901081996283,0.8077577352523804,0.40449315309524536,0.8205901081996283,,,,,roc_auc,0.8321945942428606,0.8221088647842407,0.3915334641933441,0.8321945942428606,,,,
tolokers,GCN,5,512,3e-05,2,1330,roc_auc,0.8425918671358129,0.8174859881401062,0.3870176672935486,0.8425918671358129,,,,,roc_auc,0.8191698947331262,0.8091187477111816,0.4095038175582886,0.8191698947331262,,,,,roc_auc,0.8347187992267419,0.8234694004058838,0.39366766810417175,0.8347187992267419,,,,
tolokers,GCN,1,512,3e-05,3,4970,roc_auc,0.8309938765418028,0.807960569858551,0.3886997103691101,0.8309938765418028,,,,,roc_auc,0.8110410056088928,0.8016331791877747,0.40586578845977783,0.8110410056088928,,,,,roc_auc,0.8181182878786647,0.8068027496337891,0.40309983491897583,0.8181182878786647,,,,
tolokers,GCN,2,512,3e-05,3,4540,roc_auc,0.8605176686223474,0.8304133415222168,0.3626728653907776,0.8605176686223474,,,,,roc_auc,0.8204882764501181,0.8080979585647583,0.4061737358570099,0.8204882764501181,,,,,roc_auc,0.8313595189098469,0.8183673620223999,0.39864984154701233,0.8313595189098469,,,,
tolokers,GCN,3,512,3e-05,3,1390,roc_auc,0.8368424337269793,0.8176560997962952,0.38806167244911194,0.8368424337269793,,,,,roc_auc,0.8130165415493904,0.8091187477111816,0.4077394902706146,0.8130165415493904,,,,,roc_auc,0.8231707647717507,0.8122448921203613,0.40239545702934265,0.8231707647717507,,,,
tolokers,GCN,4,512,3e-05,3,1240,roc_auc,0.8352632367974593,0.8176560997962952,0.3900165855884552,0.8352632367974593,,,,,roc_auc,0.8108067925850194,0.8091187477111816,0.4100058674812317,0.8108067925850194,,,,,roc_auc,0.8219100179215844,0.8146258592605591,0.40357035398483276,0.8219100179215844,,,,
tolokers,GCN,5,512,3e-05,3,730,roc_auc,0.8279658953157953,0.8147644400596619,0.40312913060188293,0.8279658953157953,,,,,roc_auc,0.808835329914502,0.8118407130241394,0.41814929246902466,0.808835329914502,,,,,roc_auc,0.8196298284570899,0.811904788017273,0.41198018193244934,0.8196298284570899,,,,
tolokers,GCN,1,512,3e-05,4,4990,roc_auc,0.8418621329876466,0.8183364868164062,0.37820419669151306,0.8418621329876466,,,,,roc_auc,0.7986209265603001,0.7992514371871948,0.4231888949871063,0.7986209265603001,,,,,roc_auc,0.8292853869950574,0.8071428537368774,0.3970794975757599,0.8292853869950574,,,,
tolokers,GCN,2,512,3e-05,4,3000,roc_auc,0.8621604607890422,0.8300731778144836,0.35802119970321655,0.8621604607890422,,,,,roc_auc,0.8208528341133644,0.8128615021705627,0.41279295086860657,0.8208528341133644,,,,,roc_auc,0.8490194643045965,0.8200680613517761,0.3835759460926056,0.8490194643045965,,,,
tolokers,GCN,3,512,3e-05,4,1520,roc_auc,0.8441965869538527,0.8227589726448059,0.37864065170288086,0.8441965869538527,,,,,roc_auc,0.8121659070018152,0.8087784647941589,0.42092493176460266,0.8121659070018152,,,,,roc_auc,0.8370423692280162,0.8146258592605591,0.39297738671302795,0.8370423692280162,,,,
tolokers,GCN,4,512,3e-05,4,1350,roc_auc,0.8469054048828932,0.8239496946334839,0.3733775317668915,0.8469054048828932,,,,,roc_auc,0.8133227156762509,0.8097992539405823,0.4166613519191742,0.8133227156762509,,,,,roc_auc,0.8392846007228282,0.8163265585899353,0.38710302114486694,0.8392846007228282,,,,
tolokers,GCN,5,512,3e-05,4,1380,roc_auc,0.8402294312652501,0.8207178115844727,0.382870078086853,0.8402294312652501,,,,,roc_auc,0.8095691973893056,0.808438241481781,0.42060941457748413,0.8095691973893056,,,,,roc_auc,0.8365238362493187,0.8170068264007568,0.3925238251686096,0.8365238362493187,,,,
tolokers,GCN,1,512,3e-05,5,4930,roc_auc,0.8349970695314709,0.8149345517158508,0.38293522596359253,0.8349970695314709,,,,,roc_auc,0.827794365038309,0.8046954274177551,0.39602333307266235,0.827794365038309,,,,,roc_auc,0.7992457209167392,0.800000011920929,0.4157910943031311,0.7992457209167392,,,,
tolokers,GCN,2,512,3e-05,5,2350,roc_auc,0.8556789190098544,0.8321143388748169,0.3687891364097595,0.8556789190098544,,,,,roc_auc,0.8348336544427835,0.8159237504005432,0.3911500573158264,0.8348336544427835,,,,,roc_auc,0.8256210872789288,0.8102040886878967,0.40579044818878174,0.8256210872789288,,,,
tolokers,GCN,3,512,3e-05,5,1470,roc_auc,0.8497869474761002,0.8258207440376282,0.37416180968284607,0.8497869474761002,,,,,roc_auc,0.8335240981440823,0.8115004897117615,0.3936367332935333,0.8335240981440823,,,,,roc_auc,0.8248354928706799,0.8074830174446106,0.4033418297767639,0.8248354928706799,,,,
tolokers,GCN,4,512,3e-05,5,930,roc_auc,0.8414056039783823,0.8225889205932617,0.38305628299713135,0.8414056039783823,,,,,roc_auc,0.83399931297513,0.8159237504005432,0.39150524139404297,0.83399931297513,,,,,roc_auc,0.8188869367647338,0.8102040886878967,0.40614596009254456,0.8188869367647338,,,,
tolokers,GCN,5,512,3e-05,5,870,roc_auc,0.834535622490532,0.8196972608566284,0.390227347612381,0.834535622490532,,,,,roc_auc,0.8324446815992744,0.8145627379417419,0.3936854302883148,0.8324446815992744,,,,,roc_auc,0.815515116761426,0.8095238208770752,0.4102711081504822,0.815515116761426,,,,
tolokers,GCN,1,512,3e-05,6,4940,roc_auc,0.8386890698272313,0.8127232789993286,0.38211381435394287,0.8386890698272313,,,,,roc_auc,0.8121747324201063,0.8040149211883545,0.4087069630622864,0.8121747324201063,,,,,roc_auc,0.8149257515000177,0.8047618865966797,0.40119999647140503,0.8149257515000177,,,,
tolokers,GCN,2,512,3e-05,6,3910,roc_auc,0.866165264858052,0.8310937285423279,0.3601686358451843,0.866165264858052,,,,,roc_auc,0.8425871238504894,0.820006787776947,0.39151477813720703,0.8425871238504894,,,,,roc_auc,0.8356894387371926,0.8136054277420044,0.3988940715789795,0.8356894387371926,,,,
tolokers,GCN,3,512,3e-05,6,1780,roc_auc,0.8467598989802377,0.8171457648277283,0.41162899136543274,0.8467598989802377,,,,,roc_auc,0.8354975974495897,0.8152432441711426,0.43070757389068604,0.8354975974495897,,,,,roc_auc,0.822957251192287,0.8081632852554321,0.4427083432674408,0.822957251192287,,,,
tolokers,GCN,4,512,3e-05,6,1630,roc_auc,0.847922589503089,0.8164653778076172,0.41255563497543335,0.847922589503089,,,,,roc_auc,0.835868943896137,0.8169445395469666,0.43184173107147217,0.835868943896137,,,,,roc_auc,0.8205015061180112,0.8085033893585205,0.4428776502609253,0.8205015061180112,,,,
tolokers,GCN,5,512,3e-05,6,1390,roc_auc,0.8395602397828739,0.8144242167472839,0.4149473309516907,0.8395602397828739,,,,,roc_auc,0.8315763962151176,0.8108199834823608,0.4287998080253601,0.8315763962151176,,,,,roc_auc,0.8157032120576203,0.8071428537368774,0.4410903751850128,0.8157032120576203,,,,
tolokers,GCN,1,512,3e-05,7,4930,roc_auc,0.833537855616087,0.8125531673431396,0.3869309723377228,0.833537855616087,,,,,roc_auc,0.8265309724660528,0.8101394772529602,0.3931160569190979,0.8265309724660528,,,,,roc_auc,0.8066360020497303,0.7976190447807312,0.4133880138397217,0.8066360020497303,,,,
tolokers,GCN,2,512,3e-05,7,3360,roc_auc,0.8633172157564237,0.8334751129150391,0.3592633903026581,0.8633172157564237,,,,,roc_auc,0.8459896620407897,0.8189859986305237,0.3847098648548126,0.8459896620407897,,,,,roc_auc,0.8282666222016164,0.8034013509750366,0.4090014100074768,0.8282666222016164,,,,
tolokers,GCN,3,512,3e-05,7,1950,roc_auc,0.8525053470875417,0.8285422921180725,0.3726200759410858,0.8525053470875417,,,,,roc_auc,0.8423861758647891,0.8091187477111816,0.38894736766815186,0.8423861758647891,,,,,roc_auc,0.8257498732474942,0.8074830174446106,0.4074016213417053,0.8257498732474942,,,,
tolokers,GCN,4,512,3e-05,7,1320,roc_auc,0.8450070446564061,0.8248001337051392,0.3787252902984619,0.8450070446564061,,,,,roc_auc,0.8386462351444449,0.8162640333175659,0.3908826410770416,0.8386462351444449,,,,,roc_auc,0.8200602447204531,0.807823121547699,0.407563179731369,0.8200602447204531,,,,
tolokers,GCN,5,512,3e-05,7,1260,roc_auc,0.8392858475328778,0.8225889205932617,0.3846876323223114,0.8392858475328778,,,,,roc_auc,0.8316734758163172,0.806736946105957,0.395649254322052,0.8316734758163172,,,,,roc_auc,0.8135680762629836,0.7996598482131958,0.41452813148498535,0.8135680762629836,,,,
tolokers,GCN,1,512,3e-05,8,4990,roc_auc,0.8334976634261925,0.8134036660194397,0.3853861093521118,0.8334976634261925,,,,,roc_auc,0.8164102543214,0.8023136854171753,0.4027791917324066,0.8164102543214,,,,,roc_auc,0.8205591208934221,0.8061224818229675,0.39921560883522034,0.8205591208934221,,,,
tolokers,GCN,2,512,3e-05,8,2740,roc_auc,0.8569836388957289,0.8310937285423279,0.3667091131210327,0.8569836388957289,,,,,roc_auc,0.8271378896931334,0.8149030208587646,0.4021659195423126,0.8271378896931334,,,,,roc_auc,0.83350278855513,0.8149660229682922,0.3952769935131073,0.83350278855513,,,,
tolokers,GCN,3,512,3e-05,8,1680,roc_auc,0.8461301365449098,0.8210580348968506,0.3830099403858185,0.8461301365449098,,,,,roc_auc,0.8271779435146074,0.8101394772529602,0.4044502079486847,0.8271779435146074,,,,,roc_auc,0.8290027356851005,0.8102040886878967,0.40416261553764343,0.8290027356851005,,,,
tolokers,GCN,4,512,3e-05,8,1510,roc_auc,0.8466511935214939,0.8179962635040283,0.39543813467025757,0.8466511935214939,,,,,roc_auc,0.8319572469582857,0.8104797005653381,0.4126572012901306,0.8319572469582857,,,,,roc_auc,0.8284753910348699,0.8047618865966797,0.41673535108566284,0.8284753910348699,,,,
tolokers,GCN,5,512,3e-05,8,1280,roc_auc,0.8489809838369738,0.8190168738365173,0.3833461105823517,0.8489809838369738,,,,,roc_auc,0.8316598982497159,0.8135420083999634,0.4024241864681244,0.8316598982497159,,,,,roc_auc,0.8299191495245765,0.8122448921203613,0.4028400182723999,0.8299191495245765,,,,
tolokers,GCN,1,512,3e-05,9,4990,roc_auc,0.8362787255446635,0.8125531673431396,0.38079726696014404,0.8362787255446635,,,,,roc_auc,0.8074348039195718,0.8036746978759766,0.4078778922557831,0.8074348039195718,,,,,roc_auc,0.8213369203614684,0.801360547542572,0.399201899766922,0.8213369203614684,,,,
tolokers,GCN,2,512,3e-05,9,4230,roc_auc,0.8601584827227851,0.8350059986114502,0.3585811257362366,0.8601584827227851,,,,,roc_auc,0.8159058477221595,0.8104797005653381,0.41754135489463806,0.8159058477221595,,,,,roc_auc,0.8273356352130662,0.8081632852554321,0.40241166949272156,0.8273356352130662,,,,
tolokers,GCN,3,512,3e-05,9,2210,roc_auc,0.8479736352801277,0.8248001337051392,0.3728692829608917,0.8479736352801277,,,,,roc_auc,0.8149744266533062,0.8080979585647583,0.41009774804115295,0.8149744266533062,,,,,roc_auc,0.8181240493562058,0.8088435530662537,0.4039725661277771,0.8181240493562058,,,,
tolokers,GCN,4,512,3e-05,9,2050,roc_auc,0.8500839796305303,0.8265011310577393,0.3696453273296356,0.8500839796305303,,,,,roc_auc,0.8145379078870726,0.8108199834823608,0.4099917709827423,0.8145379078870726,,,,,roc_auc,0.8166965585677914,0.8108843564987183,0.404771625995636,0.8166965585677914,,,,
tolokers,GCN,5,512,3e-05,9,1070,roc_auc,0.8357214616797147,0.8207178115844727,0.38602977991104126,0.8357214616797147,,,,,roc_auc,0.8067552467111738,0.806736946105957,0.4172542095184326,0.8067552467111738,,,,,roc_auc,0.8070321883582907,0.8034013509750366,0.4159245789051056,0.8070321883582907,,,,
tolokers,SAGE,1,512,3e-05,0,4090,roc_auc,0.8665982212327368,0.8290525674819946,0.35328996181488037,0.8665982212327368,,,,,roc_auc,0.8158664727790157,0.8040149211883545,0.41687873005867004,0.8158664727790157,,,,,roc_auc,0.8117467715391143,0.7996598482131958,0.41892480850219727,0.8117467715391143,,,,
tolokers,SAGE,2,512,3e-05,0,2290,roc_auc,0.875387761359466,0.8285422921180725,0.3622285723686218,0.875387761359466,,,,,roc_auc,0.8343170280336017,0.8063967227935791,0.431147962808609,0.8343170280336017,,,,,roc_auc,0.8357636601243394,0.8098639845848083,0.42152485251426697,0.8357636601243394,,,,
tolokers,SAGE,3,512,3e-05,0,1910,roc_auc,0.8719587061710105,0.8312638401985168,0.36972126364707947,0.8719587061710105,,,,,roc_auc,0.8378342966616836,0.81252121925354,0.42612969875335693,0.8378342966616836,,,,,roc_auc,0.8365167191300034,0.8074830174446106,0.4233533442020416,0.8365167191300034,,,,
tolokers,SAGE,4,512,3e-05,0,1000,roc_auc,0.8549842046389587,0.8142541646957397,0.38488247990608215,0.8549842046389587,,,,,roc_auc,0.8357060130969207,0.8087784647941589,0.40735331177711487,0.8357060130969207,,,,,roc_auc,0.8323487984946956,0.8023809790611267,0.40815889835357666,0.8323487984946956,,,,
tolokers,SAGE,5,512,3e-05,0,1380,roc_auc,0.8591628356895792,0.8156149387359619,0.38465991616249084,0.8591628356895792,,,,,roc_auc,0.8367677788051469,0.8080979585647583,0.41215750575065613,0.8367677788051469,,,,,roc_auc,0.833603444956877,0.8037415146827698,0.4116753339767456,0.833603444956877,,,,
tolokers,SAGE,1,512,3e-05,1,4710,roc_auc,0.865437396170176,0.8254805207252502,0.35462865233421326,0.865437396170176,,,,,roc_auc,0.8201569838250449,0.8043552041053772,0.4102139174938202,0.8201569838250449,,,,,roc_auc,0.8094801384923637,0.8068027496337891,0.4161996841430664,0.8094801384923637,,,,
tolokers,SAGE,2,512,3e-05,1,3100,roc_auc,0.8798382408505956,0.8329647779464722,0.3384592831134796,0.8798382408505956,,,,,roc_auc,0.8281093645834605,0.8149030208587646,0.4163661599159241,0.8281093645834605,,,,,roc_auc,0.8272410791993036,0.8098639845848083,0.4155970513820648,0.8272410791993036,,,,
tolokers,SAGE,3,512,3e-05,1,2930,roc_auc,0.8769137078770587,0.8290525674819946,0.34143489599227905,0.8769137078770587,,,,,roc_auc,0.8338173735826718,0.8138822317123413,0.407340407371521,0.8338173735826718,,,,,roc_auc,0.8384617261657841,0.8102040886878967,0.4017230272293091,0.8384617261657841,,,,
tolokers,SAGE,4,512,3e-05,1,3080,roc_auc,0.8820221860888218,0.8295628428459167,0.3357754051685333,0.8820221860888218,,,,,roc_auc,0.8383414187742445,0.8108199834823608,0.4053246080875397,0.8383414187742445,,,,,roc_auc,0.840051893967123,0.807823121547699,0.40184879302978516,0.840051893967123,,,,
tolokers,SAGE,5,512,3e-05,1,2840,roc_auc,0.8902205448907755,0.8412995338439941,0.3230092525482178,0.8902205448907755,,,,,roc_auc,0.8375552776680257,0.8149030208587646,0.40991437435150146,0.8375552776680257,,,,,roc_auc,0.8373826353133836,0.8057823181152344,0.4097713530063629,0.8373826353133836,,,,
tolokers,SAGE,1,512,3e-05,2,3900,roc_auc,0.8489575807896935,0.8115326166152954,0.3724096119403839,0.8489575807896935,,,,,roc_auc,0.8054334706025316,0.7944878935813904,0.4235197603702545,0.8054334706025316,,,,,roc_auc,0.8221777571720228,0.8074830174446106,0.39908573031425476,0.8221777571720228,,,,
tolokers,SAGE,2,512,3e-05,2,2330,roc_auc,0.8806491225213968,0.8265011310577393,0.3474798798561096,0.8806491225213968,,,,,roc_auc,0.8157239083297012,0.7989111542701721,0.4484717845916748,0.8157239083297012,,,,,roc_auc,0.8383634421371422,0.821088433265686,0.4085175096988678,0.8383634421371422,,,,
tolokers,SAGE,3,512,3e-05,2,1120,roc_auc,0.855406731394747,0.8125531673431396,0.3741491436958313,0.855406731394747,,,,,roc_auc,0.809225006075961,0.7972099184989929,0.4302322566509247,0.809225006075961,,,,,roc_auc,0.832978833009335,0.8142857551574707,0.4034503698348999,0.832978833009335,,,,
tolokers,SAGE,4,512,3e-05,2,2140,roc_auc,0.8822915755134935,0.8356863856315613,0.3396373689174652,0.8822915755134935,,,,,roc_auc,0.8146770779447365,0.8023136854171753,0.45584821701049805,0.8146770779447365,,,,,roc_auc,0.8444035040628582,0.8224489688873291,0.4050891399383545,0.8444035040628582,,,,
tolokers,SAGE,5,512,3e-05,2,1890,roc_auc,0.8824060469404076,0.8321143388748169,0.34309121966362,0.8824060469404076,,,,,roc_auc,0.8140260336262015,0.8023136854171753,0.46268367767333984,0.8140260336262015,,,,,roc_auc,0.8453219513649957,0.8255102038383484,0.4061329960823059,0.8453219513649957,,,,
